insert into pais (codigo_pais, nombre) values 
(501, 'Belice'),
(502, 'Guatemala'),
(503, 'El Salvador'),
(504, 'Honduras'),
(505, 'Nicaragua'),
(506, 'Costa Rica'),
(507, 'Panamá');

insert into  hotel (nombre, estrellas, pais) values
('hotel1-belico', 3, 501),
('hotel2-belico', 3, 501),
('hotel3-belico', 3, 501),
('hotel4-belico', 3, 501),
('hotel5-belico', 3, 501),
('hotel6-belico', 4, 501),
('hotel7-belico', 4, 501),
('hotel8-belico', 4, 501),
('hotel9-belico', 4, 501),
('hotel10-belico', 4, 501),
('hotel11-belico', 5, 501),
('hotel12-belico', 5, 501),
('hotel13-belico', 5, 501),
('hotel14-belico', 5, 501),
('hotel15-belico', 5, 501),
('hotel1-chapin', 3, 502),
('hotel2-chapin', 3, 502),
('hotel3-chapin', 3, 502),
('hotel4-chapin', 3, 502),
('hotel5-chapin', 3, 502),
('hotel6-chapin', 4, 502),
('hotel7-chapin', 4, 502),
('hotel8-chapin', 4, 502),
('hotel9-chapin', 4, 502),
('hotel10-chapin', 4, 502),
('hotel11-chapin', 5, 502),
('hotel12-chapin', 5, 502),
('hotel13-chapin', 5, 502),
('hotel14-chapin', 5, 502),
('hotel15-chapin', 5, 502),
('hotel1-guanaco', 3, 503),
('hotel2-guanaco', 3, 503),
('hotel3-guanaco', 3, 503),
('hotel4-guanaco', 3, 503),
('hotel5-guanaco', 3, 503),
('hotel6-guanaco', 4, 503),
('hotel7-guanaco', 4, 503),
('hotel8-guanaco', 4, 503),
('hotel9-guanaco', 4, 503),
('hotel10-guanaco', 4, 503),
('hotel11-guanaco', 5, 503),
('hotel12-guanaco', 5, 503),
('hotel13-guanaco', 5, 503),
('hotel14-guanaco', 5, 503),
('hotel15-guanaco', 5, 503),
('hotel1-catracho', 3, 504),
('hotel2-catracho', 3, 504),
('hotel3-catracho', 3, 504),
('hotel4-catracho', 3, 504),
('hotel5-catracho', 3, 504),
('hotel6-catracho', 4, 504),
('hotel7-catracho', 4, 504),
('hotel8-catracho', 4, 504),
('hotel9-catracho', 4, 504),
('hotel10-catracho', 4, 504),
('hotel11-catracho', 5, 504),
('hotel12-catracho', 5, 504),
('hotel13-catracho', 5, 504),
('hotel14-catracho', 5, 504),
('hotel15-catracho', 5, 504),
('hotel1-nica', 3, 505),
('hotel2-nica', 3, 505),
('hotel3-nica', 3, 505),
('hotel4-nica', 3, 505),
('hotel5-nica', 3, 505),
('hotel6-nica', 4, 505),
('hotel7-nica', 4, 505),
('hotel8-nica', 4, 505),
('hotel9-nica', 4, 505),
('hotel10-nica', 4, 505),
('hotel11-nica', 5, 505),
('hotel12-nica', 5, 505),
('hotel13-nica', 5, 505),
('hotel14-nica', 5, 505),
('hotel15-nica', 5, 505);

insert into habitacion (codigo_habitacion, tipo, hotel) values
(2, 'simple', 1),
(3, 'simple', 1),
(4, 'simple', 1),
(5, 'simple', 1),
(2, 'simple', 2),
(3, 'simple', 2),
(4, 'simple', 2),
(5, 'simple', 2),
(2, 'simple', 3),
(3, 'simple', 3),
(4, 'simple', 3),
(5, 'simple', 3),
(2, 'simple', 4),
(3, 'simple', 4),
(4, 'simple', 4),
(5, 'simple', 4),
(2, 'simple', 5),
(3, 'simple', 5),
(4, 'simple', 5),
(5, 'simple', 5),
(2, 'simple', 6),
(3, 'simple', 6),
(4, 'simple', 6),
(5, 'simple', 6),
(2, 'simple', 7),
(3, 'simple', 7),
(4, 'simple', 7),
(5, 'simple', 7),
(2, 'simple', 8),
(3, 'simple', 8),
(4, 'simple', 8),
(5, 'simple', 8),
(2, 'simple', 9),
(3, 'simple', 9),
(4, 'simple', 9),
(5, 'simple', 9),
(2, 'simple', 10),
(3, 'simple', 10),
(4, 'simple', 10),
(5, 'simple', 10),
(2, 'simple', 11),
(3, 'simple', 11),
(4, 'simple', 11),
(5, 'simple', 11),
(2, 'simple', 12),
(3, 'simple', 12),
(4, 'simple', 12),
(5, 'simple', 12),
(2, 'simple', 13),
(3, 'simple', 13),
(4, 'simple', 13),
(5, 'simple', 13),
(2, 'simple', 14),
(3, 'simple', 14),
(4, 'simple', 14),
(5, 'simple', 14),
(2, 'simple', 15),
(3, 'simple', 15),
(4, 'simple', 15),
(5, 'simple', 15),
(2, 'simple', 16),
(3, 'simple', 16),
(4, 'simple', 16),
(5, 'simple', 16),
(2, 'simple', 17),
(3, 'simple', 17),
(4, 'simple', 17),
(5, 'simple', 17),
(2, 'simple', 18),
(3, 'simple', 18),
(4, 'simple', 18),
(5, 'simple', 18),
(2, 'simple', 19),
(3, 'simple', 19),
(4, 'simple', 19),
(5, 'simple', 19),
(2, 'simple', 20),
(3, 'simple', 20),
(4, 'simple', 20),
(5, 'simple', 20),
(2, 'simple', 21),
(3, 'simple', 21),
(4, 'simple', 21),
(5, 'simple', 21),
(2, 'simple', 22),
(3, 'simple', 22),
(4, 'simple', 22),
(5, 'simple', 22),
(2, 'simple', 23),
(3, 'simple', 23),
(4, 'simple', 23),
(5, 'simple', 23),
(2, 'simple', 24),
(3, 'simple', 24),
(4, 'simple', 24),
(5, 'simple', 24),
(2, 'simple', 25),
(3, 'simple', 25),
(4, 'simple', 25),
(5, 'simple', 25),
(2, 'simple', 26),
(3, 'simple', 26),
(4, 'simple', 26),
(5, 'simple', 26),
(2, 'simple', 27),
(3, 'simple', 27),
(4, 'simple', 27),
(5, 'simple', 27),
(2, 'simple', 28),
(3, 'simple', 28),
(4, 'simple', 28),
(5, 'simple', 28),
(2, 'simple', 29),
(3, 'simple', 29),
(4, 'simple', 29),
(5, 'simple', 29),
(2, 'simple', 30),
(3, 'simple', 30),
(4, 'simple', 30),
(5, 'simple', 30),
(2, 'simple', 31),
(3, 'simple', 31),
(4, 'simple', 31),
(5, 'simple', 31),
(2, 'simple', 32),
(3, 'simple', 32),
(4, 'simple', 32),
(5, 'simple', 32),
(2, 'simple', 33),
(3, 'simple', 33),
(4, 'simple', 33),
(5, 'simple', 33),
(2, 'simple', 34),
(3, 'simple', 34),
(4, 'simple', 34),
(5, 'simple', 34),
(2, 'simple', 35),
(3, 'simple', 35),
(4, 'simple', 35),
(5, 'simple', 35),
(2, 'simple', 36),
(3, 'simple', 36),
(4, 'simple', 36),
(5, 'simple', 36),
(2, 'simple', 37),
(3, 'simple', 37),
(4, 'simple', 37),
(5, 'simple', 37),
(2, 'simple', 38),
(3, 'simple', 38),
(4, 'simple', 38),
(5, 'simple', 38),
(2, 'simple', 39),
(3, 'simple', 39),
(4, 'simple', 39),
(5, 'simple', 39),
(2, 'simple', 40),
(3, 'simple', 40),
(4, 'simple', 40),
(5, 'simple', 40),
(2, 'simple', 41),
(3, 'simple', 41),
(4, 'simple', 41),
(5, 'simple', 41),
(2, 'simple', 42),
(3, 'simple', 42),
(4, 'simple', 42),
(5, 'simple', 42),
(2, 'simple', 43),
(3, 'simple', 43),
(4, 'simple', 43),
(5, 'simple', 43),
(2, 'simple', 44),
(3, 'simple', 44),
(4, 'simple', 44),
(5, 'simple', 44),
(2, 'simple', 45),
(3, 'simple', 45),
(4, 'simple', 45),
(5, 'simple', 45),
(6, 'individual', 1),
(7, 'individual', 1),
(8, 'individual', 1),
(9, 'individual', 1),
(6, 'individual', 2),
(7, 'individual', 2),
(8, 'individual', 2),
(9, 'individual', 2),
(6, 'individual', 3),
(7, 'individual', 3),
(8, 'individual', 3),
(9, 'individual', 3),
(6, 'individual', 4),
(7, 'individual', 4),
(8, 'individual', 4),
(9, 'individual', 4),
(6, 'individual', 5),
(7, 'individual', 5),
(8, 'individual', 5),
(9, 'individual', 5),
(6, 'individual', 6),
(7, 'individual', 6),
(8, 'individual', 6),
(9, 'individual', 6),
(6, 'individual', 7),
(7, 'individual', 7),
(8, 'individual', 7),
(9, 'individual', 7),
(6, 'individual', 8),
(7, 'individual', 8),
(8, 'individual', 8),
(9, 'individual', 8),
(6, 'individual', 9),
(7, 'individual', 9),
(8, 'individual', 9),
(9, 'individual', 9),
(6, 'individual', 10),
(7, 'individual', 10),
(8, 'individual', 10),
(9, 'individual', 10),
(6, 'individual', 11),
(7, 'individual', 11),
(8, 'individual', 11),
(9, 'individual', 11),
(6, 'individual', 12),
(7, 'individual', 12),
(8, 'individual', 12),
(9, 'individual', 12),
(6, 'individual', 13),
(7, 'individual', 13),
(8, 'individual', 13),
(9, 'individual', 13),
(6, 'individual', 14),
(7, 'individual', 14),
(8, 'individual', 14),
(9, 'individual', 14),
(6, 'individual', 15),
(7, 'individual', 15),
(8, 'individual', 15),
(9, 'individual', 15),
(6, 'individual', 16),
(7, 'individual', 16),
(8, 'individual', 16),
(9, 'individual', 16),
(6, 'individual', 17),
(7, 'individual', 17),
(8, 'individual', 17),
(9, 'individual', 17),
(6, 'individual', 18),
(7, 'individual', 18),
(8, 'individual', 18),
(9, 'individual', 18),
(6, 'individual', 19),
(7, 'individual', 19),
(8, 'individual', 19),
(9, 'individual', 19),
(6, 'individual', 20),
(7, 'individual', 20),
(8, 'individual', 20),
(9, 'individual', 20),
(6, 'individual', 21),
(7, 'individual', 21),
(8, 'individual', 21),
(9, 'individual', 21),
(6, 'individual', 22),
(7, 'individual', 22),
(8, 'individual', 22),
(9, 'individual', 22),
(6, 'individual', 23),
(7, 'individual', 23),
(8, 'individual', 23),
(9, 'individual', 23),
(6, 'individual', 24),
(7, 'individual', 24),
(8, 'individual', 24),
(9, 'individual', 24),
(6, 'individual', 25),
(7, 'individual', 25),
(8, 'individual', 25),
(9, 'individual', 25),
(6, 'individual', 26),
(7, 'individual', 26),
(8, 'individual', 26),
(9, 'individual', 26),
(6, 'individual', 27),
(7, 'individual', 27),
(8, 'individual', 27),
(9, 'individual', 27),
(6, 'individual', 28),
(7, 'individual', 28),
(8, 'individual', 28),
(9, 'individual', 28),
(6, 'individual', 29),
(7, 'individual', 29),
(8, 'individual', 29),
(9, 'individual', 29),
(6, 'individual', 30),
(7, 'individual', 30),
(8, 'individual', 30),
(9, 'individual', 30),
(6, 'individual', 31),
(7, 'individual', 31),
(8, 'individual', 31),
(9, 'individual', 31),
(6, 'individual', 32),
(7, 'individual', 32),
(8, 'individual', 32),
(9, 'individual', 32),
(6, 'individual', 33),
(7, 'individual', 33),
(8, 'individual', 33),
(9, 'individual', 33),
(6, 'individual', 34),
(7, 'individual', 34),
(8, 'individual', 34),
(9, 'individual', 34),
(6, 'individual', 35),
(7, 'individual', 35),
(8, 'individual', 35),
(9, 'individual', 35),
(6, 'individual', 36),
(7, 'individual', 36),
(8, 'individual', 36),
(9, 'individual', 36),
(6, 'individual', 37),
(7, 'individual', 37),
(8, 'individual', 37),
(9, 'individual', 37),
(6, 'individual', 38),
(7, 'individual', 38),
(8, 'individual', 38),
(9, 'individual', 38),
(6, 'individual', 39),
(7, 'individual', 39),
(8, 'individual', 39),
(9, 'individual', 39),
(6, 'individual', 40),
(7, 'individual', 40),
(8, 'individual', 40),
(9, 'individual', 40),
(6, 'individual', 41),
(7, 'individual', 41),
(8, 'individual', 41),
(9, 'individual', 41),
(6, 'individual', 42),
(7, 'individual', 42),
(8, 'individual', 42),
(9, 'individual', 42),
(6, 'individual', 43),
(7, 'individual', 43),
(8, 'individual', 43),
(9, 'individual', 43),
(6, 'individual', 44),
(7, 'individual', 44),
(8, 'individual', 44),
(9, 'individual', 44),
(6, 'individual', 45),
(7, 'individual', 45),
(8, 'individual', 45),
(9, 'individual', 45);

insert into cliente values 
(3201432790101, 'Francisco Gomez', 67675490, 45283279),
(2023354270406, 'Oscar Morales', 54322184, 45337310),
(8641759230508, 'Maria Valdez', 43211787, 42339875),
(5682147520105, 'Eugenia Garcia', 66543298, 33459720),
(1759842640307, 'Paola Martinez', 97785432, 54559032),
(3100851687309, 'Edgard Figueroa', 25256510, 20482918),
(2098528669962, 'Mayra Archila', 18230324, 16214809),
(3531538192640, 'Alejandra Gonzales', 14003448, 47699376),
(4798577352088, 'Estela Montoya', 19256863, 46685673),
(2217205578416, 'Esteban Solorzano', 25294807, 27861507),
(3734322100894, 'Juan Gabriel', 55398992, 17318923),
(2314470155584, 'Barabara Quiñones', 41676992, 28908470),
(4204242810238, 'Erick Barrondo', 13326880, 27388202),
(2996648265015, 'Ricardo Arjona', 48683388, 35920040),
(3414523199874, 'Gabriela Moreno', 20779521, 37484764);

insert into reservacion (monto, fecha_ingreso, fecha_salida, habitacion, hotel, cliente) values
(827.61,'2020-3-22','2021-5-26',7,21,2217205578416),
(556.60,'2020-5-9','2020-7-10',6,26,4798577352088),
(297.62,'2020-9-29','2020-10-29',6,6,3531538192640),
(623.32,'2021-2-18','2021-7-27',2,33,3531538192640),
(698.99,'2018-2-20','2020-7-25',8,18,4798577352088),
(350.60,'2020-6-20','2021-12-24',2,6,3531538192640),
(918.07,'2020-3-2','2021-8-22',4,39,2996648265015),
(743.43,'2021-10-18','2021-10-18',3,31,3531538192640),
(457.70,'2019-4-29','2020-5-29',8,15,3414523199874),
(910.20,'2018-9-30','2018-10-30',5,7,3414523199874),
(256.49,'2018-6-28','2018-10-28',5,42,8641759230508),
(273.40,'2019-10-30','2019-11-30',2,10,3531538192640),
(505.25,'2018-12-11','2020-12-22',3,36,5682147520105),
(384.36,'2019-5-4','2020-12-7',2,13,4798577352088),
(508.55,'2019-8-22','2020-8-23',5,37,4204242810238),
(327.39,'2019-3-2','2020-8-8',6,40,3734322100894),
(756.13,'2020-10-6','2020-11-19',6,27,2098528669962),
(795.70,'2020-7-3','2020-10-25',4,24,8641759230508),
(995.49,'2019-4-14','2021-11-20',7,43,8641759230508),
(420.34,'2018-9-7','2020-11-27',7,21,1759842640307),
(372.53,'2019-11-19','2019-12-26',5,33,2996648265015),
(578.80,'2018-7-26','2021-12-29',6,7,2217205578416),
(962.75,'2021-10-2','2021-11-8',7,4,3414523199874),
(745.61,'2018-10-8','2019-11-16',6,34,1759842640307),
(278.22,'2021-3-17','2021-11-21',9,36,3414523199874),
(299.12,'2021-4-10','2021-11-24',3,13,4204242810238),
(279.30,'2019-12-8','2021-12-16',7,12,8641759230508),
(484.47,'2021-8-27','2021-10-28',3,10,4204242810238),
(535.25,'2020-6-9','2020-8-25',7,11,3734322100894),
(466.98,'2019-2-16','2020-10-24',6,27,4204242810238),
(666.37,'2020-4-26','2020-7-26',3,40,2217205578416),
(577.65,'2019-4-28','2019-6-30',3,26,2314470155584),
(648.36,'2020-6-1','2021-12-4',9,39,1759842640307),
(588.09,'2019-6-29','2021-10-30',5,22,3100851687309),
(844.97,'2018-4-17','2019-8-24',7,8,5682147520105),
(589.41,'2019-3-17','2019-3-20',6,27,3531538192640),
(758.92,'2018-8-6','2019-10-26',9,45,4798577352088),
(369.38,'2018-6-29','2018-11-29',4,29,1759842640307),
(975.35,'2019-8-13','2021-9-15',2,26,3734322100894),
(276.34,'2019-5-13','2021-6-15',8,37,1759842640307),
(958.60,'2018-5-24','2021-10-30',8,30,2314470155584),
(368.60,'2019-9-10','2019-9-18',4,3,2023354270406),
(708.29,'2018-7-22','2020-12-27',6,1,4798577352088),
(564.55,'2020-11-25','2020-11-30',2,42,4798577352088),
(889.28,'2021-5-12','2021-10-29',8,22,2217205578416),
(419.10,'2021-2-9','2021-9-28',4,14,8641759230508),
(396.98,'2018-5-20','2018-6-21',8,45,3201432790101),
(617.43,'2020-6-22','2021-9-23',4,26,2314470155584),
(567.52,'2018-2-25','2020-4-26',3,28,2023354270406),
(407.17,'2021-10-2','2021-11-3',6,28,3201432790101),
(836.32,'2021-11-9','2021-12-12',5,35,2023354270406),
(989.87,'2019-7-3','2019-8-11',2,25,2996648265015),
(435.92,'2020-2-25','2020-7-26',9,42,4204242810238),
(818.36,'2021-11-20','2021-12-23',8,13,2098528669962),
(568.33,'2018-10-8','2019-11-20',4,24,2996648265015),
(648.26,'2019-7-26','2021-8-30',2,31,3734322100894),
(921.01,'2019-9-12','2019-9-12',8,42,2098528669962),
(523.56,'2021-4-2','2021-6-12',6,34,3414523199874),
(748.57,'2020-12-16','2020-12-26',4,13,3201432790101),
(422.95,'2019-7-13','2021-11-21',5,26,1759842640307),
(628.91,'2019-9-11','2019-11-21',8,18,4798577352088),
(384.07,'2018-6-25','2021-6-27',3,38,3100851687309),
(481.75,'2021-9-14','2021-11-26',5,24,1759842640307),
(987.72,'2019-6-13','2019-9-24',9,45,1759842640307),
(819.23,'2020-4-17','2021-10-29',9,26,4204242810238),
(427.20,'2020-12-2','2020-12-25',8,32,5682147520105),
(527.50,'2020-12-29','2020-12-29',7,30,2314470155584),
(822.08,'2019-5-11','2021-12-19',5,11,2217205578416),
(911.21,'2018-7-7','2019-10-10',2,34,8641759230508),
(427.75,'2019-1-24','2019-12-27',4,27,2314470155584),
(383.70,'2019-12-1','2021-12-30',3,5,2996648265015),
(555.17,'2019-8-28','2019-12-28',4,17,2996648265015),
(797.54,'2021-1-14','2021-9-30',8,11,3734322100894),
(784.09,'2020-3-13','2020-11-26',9,4,2996648265015),
(880.19,'2019-9-11','2021-12-28',7,32,3100851687309),
(915.39,'2021-4-2','2021-7-17',7,45,3531538192640),
(784.39,'2018-10-30','2021-10-30',8,7,5682147520105),
(851.67,'2020-10-9','2021-10-25',2,27,2023354270406),
(341.95,'2020-8-18','2021-12-29',2,14,2098528669962),
(529.76,'2021-9-23','2021-12-26',6,36,2217205578416),
(362.30,'2019-5-26','2019-6-26',9,15,3531538192640),
(336.28,'2020-12-30','2020-12-30',5,14,3201432790101),
(267.02,'2020-6-15','2020-9-15',5,36,3201432790101),
(369.81,'2021-2-11','2021-11-20',2,22,4798577352088),
(694.46,'2021-1-4','2021-10-18',8,43,2217205578416),
(478.57,'2019-11-9','2019-12-23',3,44,2023354270406),
(552.35,'2021-12-3','2021-12-10',4,43,3531538192640),
(293.02,'2020-4-5','2021-12-19',4,29,3100851687309),
(421.24,'2019-8-6','2019-11-20',3,5,3531538192640),
(516.31,'2019-1-26','2021-10-27',2,9,4798577352088),
(286.60,'2018-8-29','2018-8-29',8,15,2314470155584),
(558.20,'2018-10-23','2019-11-24',5,19,8641759230508),
(929.84,'2021-8-9','2021-11-28',7,42,3100851687309),
(567.51,'2021-11-24','2021-12-27',6,45,1759842640307),
(461.89,'2019-2-13','2020-2-24',4,6,3734322100894),
(770.62,'2018-4-30','2021-10-30',8,15,3414523199874),
(667.35,'2021-9-15','2021-11-25',3,19,1759842640307),
(959.07,'2019-6-3','2020-9-15',7,3,3414523199874),
(711.73,'2019-3-30','2019-4-30',2,44,2996648265015),
(369.98,'2018-3-15','2020-7-26',5,42,8641759230508),
(528.93,'2020-1-18','2021-9-25',4,18,2996648265015),
(407.02,'2021-6-16','2021-11-18',3,20,3734322100894),
(424.78,'2019-3-13','2019-12-29',8,39,3100851687309),
(663.31,'2020-3-10','2020-6-27',9,21,3734322100894),
(634.91,'2020-7-9','2021-7-20',3,26,4204242810238),
(339.98,'2020-1-1','2021-7-3',6,11,2098528669962),
(963.31,'2018-6-3','2018-12-23',2,4,5682147520105),
(906.64,'2018-6-11','2020-10-26',5,43,8641759230508),
(780.11,'2018-6-17','2020-10-24',7,15,3414523199874),
(642.30,'2020-2-5','2021-7-22',8,30,5682147520105),
(891.71,'2019-8-18','2021-10-26',6,9,3734322100894),
(669.14,'2021-5-2','2021-8-8',9,29,4798577352088),
(840.06,'2018-12-27','2018-12-28',5,25,2314470155584),
(865.24,'2020-3-27','2021-5-30',5,45,3414523199874),
(258.91,'2020-2-16','2020-5-22',6,31,3734322100894),
(358.14,'2021-3-10','2021-4-10',4,2,3100851687309),
(502.13,'2020-10-10','2021-10-11',5,29,2314470155584),
(615.05,'2020-1-15','2020-6-22',2,42,3201432790101),
(804.10,'2021-3-19','2021-9-29',8,22,3414523199874),
(852.31,'2021-9-14','2021-10-28',3,16,1759842640307),
(879.44,'2019-12-22','2019-12-23',9,2,2023354270406),
(544.14,'2021-6-29','2021-10-29',6,42,2314470155584),
(533.03,'2021-5-1','2021-10-1',9,32,2098528669962),
(800.77,'2019-2-7','2019-10-21',7,42,4798577352088),
(255.18,'2020-12-17','2020-12-20',9,14,2996648265015),
(933.44,'2018-7-6','2019-7-18',7,38,2023354270406),
(566.38,'2018-7-24','2021-9-28',2,21,2098528669962),
(467.06,'2020-12-1','2021-12-21',4,8,3531538192640),
(408.63,'2018-6-3','2019-6-15',6,2,4798577352088),
(307.92,'2020-8-10','2020-12-23',5,32,3100851687309),
(772.26,'2021-3-18','2021-5-21',4,19,4204242810238),
(503.52,'2019-2-4','2020-6-30',6,21,3531538192640),
(773.85,'2018-3-25','2021-10-28',6,44,3100851687309),
(951.18,'2018-9-25','2021-9-27',7,36,3201432790101),
(904.92,'2018-9-16','2019-10-16',5,42,3201432790101),
(375.40,'2020-1-2','2020-6-6',3,41,2098528669962),
(371.14,'2021-3-27','2021-9-28',8,8,4204242810238),
(738.65,'2021-9-4','2021-9-28',8,45,3100851687309),
(909.40,'2019-3-29','2021-12-29',4,14,2314470155584),
(665.86,'2018-3-30','2019-3-30',6,39,8641759230508),
(282.06,'2020-7-19','2020-10-21',5,21,2996648265015),
(929.84,'2021-10-28','2021-10-30',9,2,5682147520105),
(768.29,'2018-8-1','2018-12-9',2,38,3414523199874),
(489.96,'2020-11-29','2021-11-29',8,9,1759842640307),
(409.74,'2021-8-24','2021-8-28',6,42,2314470155584),
(917.30,'2018-12-1','2020-12-18',2,18,8641759230508),
(761.43,'2019-8-14','2019-8-20',4,6,2098528669962),
(943.75,'2018-6-20','2021-7-23',6,45,2996648265015),
(660.45,'2018-3-22','2018-7-23',5,7,8641759230508),
(333.34,'2021-11-22','2021-12-23',6,22,1759842640307);


insert into checkin values
(1,'2020-3-22 18:8:37'),
(2,'2020-5-9 18:13:42'),
(3,'2020-9-29 17:23:13'),
(4,'2021-2-18 15:23:48'),
(5,'2018-2-20 19:36:5'),
(6,'2020-6-20 16:18:25'),
(7,'2020-3-2 18:45:22'),
(8,'2021-10-18 18:20:27'),
(9,'2019-4-29 17:14:19'),
(10,'2018-9-30 16:13:41'),
(11,'2018-6-28 17:2:24'),
(12,'2019-10-30 19:21:14'),
(13,'2018-12-11 17:6:12'),
(14,'2019-5-4 19:22:37'),
(15,'2019-8-22 15:19:54'),
(16,'2019-3-2 17:9:12'),
(17,'2020-10-6 17:48:1'),
(18,'2020-7-3 17:42:8'),
(19,'2019-4-14 16:3:14'),
(20,'2018-9-7 19:58:14'),
(21,'2019-11-19 16:16:55'),
(22,'2018-7-26 18:24:48'),
(23,'2021-10-2 15:12:59'),
(24,'2018-10-8 17:14:59'),
(25,'2021-3-17 15:20:52'),
(26,'2021-4-10 15:19:17'),
(27,'2019-12-8 19:27:12'),
(28,'2021-8-27 18:24:13'),
(29,'2020-6-9 18:44:10'),
(30,'2019-2-16 16:58:22'),
(31,'2020-4-26 19:4:53'),
(32,'2019-4-28 17:15:42'),
(33,'2020-6-1 16:2:27'),
(34,'2019-6-29 16:13:24'),
(35,'2018-4-17 16:42:13'),
(36,'2019-3-17 18:28:7'),
(37,'2018-8-6 18:29:6'),
(38,'2018-6-29 15:51:47'),
(39,'2019-8-13 15:18:48'),
(40,'2019-5-13 15:43:38'),
(41,'2018-5-24 16:36:22'),
(42,'2019-9-10 15:46:47'),
(43,'2018-7-22 16:11:31'),
(44,'2020-11-25 19:51:36'),
(45,'2021-5-12 19:41:54'),
(46,'2021-2-9 15:10:20'),
(47,'2018-5-20 16:26:3'),
(48,'2020-6-22 17:57:50'),
(49,'2018-2-25 17:24:14'),
(50,'2021-10-2 15:48:28'),
(51,'2021-11-9 17:20:43'),
(52,'2019-7-3 15:1:48'),
(53,'2020-2-25 16:29:31'),
(54,'2021-11-20 16:26:30'),
(55,'2018-10-8 16:10:34'),
(56,'2019-7-26 15:51:34'),
(57,'2019-9-12 15:56:33'),
(58,'2021-4-2 17:17:10'),
(59,'2020-12-16 17:12:32'),
(60,'2019-7-13 17:17:26'),
(61,'2019-9-11 15:42:15'),
(62,'2018-6-25 17:59:58'),
(63,'2021-9-14 19:38:57'),
(64,'2019-6-13 17:9:3'),
(65,'2020-4-17 17:12:38'),
(66,'2020-12-2 15:21:5'),
(67,'2020-12-29 19:23:14'),
(68,'2019-5-11 16:59:15'),
(69,'2018-7-7 18:34:58'),
(70,'2019-1-24 17:51:11'),
(71,'2019-12-1 18:32:54'),
(72,'2019-8-28 15:13:46'),
(73,'2021-1-14 19:26:25'),
(74,'2020-3-13 15:13:4'),
(75,'2019-9-11 16:24:25'),
(76,'2021-4-2 19:36:39'),
(77,'2018-10-30 19:19:14'),
(78,'2020-10-9 18:42:39'),
(79,'2020-8-18 18:10:51'),
(80,'2021-9-23 15:59:17'),
(81,'2019-5-26 19:19:13'),
(82,'2020-12-30 15:59:40'),
(83,'2020-6-15 17:48:18'),
(84,'2021-2-11 19:19:48'),
(85,'2021-1-4 16:28:25'),
(86,'2019-11-9 19:56:43'),
(87,'2021-12-3 19:12:11'),
(88,'2020-4-5 15:23:3'),
(89,'2019-8-6 18:44:18'),
(90,'2019-1-26 19:8:34'),
(91,'2018-8-29 16:7:8'),
(92,'2018-10-23 16:38:53'),
(93,'2021-8-9 15:57:23'),
(94,'2021-11-24 16:19:55'),
(95,'2019-2-13 19:7:40'),
(96,'2018-4-30 16:33:59'),
(97,'2021-9-15 19:57:50'),
(98,'2019-6-3 15:50:48'),
(99,'2019-3-30 18:59:9'),
(100,'2018-3-15 16:12:30'),
(101,'2020-1-18 15:17:1'),
(102,'2021-6-16 17:46:38'),
(103,'2019-3-13 16:8:7'),
(104,'2020-3-10 16:23:18'),
(105,'2020-7-9 15:2:1'),
(106,'2020-1-1 16:7:16'),
(107,'2018-6-3 17:56:19'),
(108,'2018-6-11 19:21:8'),
(109,'2018-6-17 16:11:56'),
(110,'2020-2-5 17:31:45'),
(111,'2019-8-18 17:44:15'),
(112,'2021-5-2 16:56:13'),
(113,'2018-12-27 17:25:40'),
(114,'2020-3-27 18:19:7'),
(115,'2020-2-16 19:22:6'),
(116,'2021-3-10 15:13:22'),
(117,'2020-10-10 17:57:48'),
(118,'2020-1-15 15:10:48'),
(119,'2021-3-19 18:32:24'),
(120,'2021-9-14 19:11:24'),
(121,'2019-12-22 18:29:35'),
(122,'2021-6-29 18:46:35'),
(123,'2021-5-1 18:4:11'),
(124,'2019-2-7 16:14:25'),
(125,'2020-12-17 16:6:13'),
(126,'2018-7-6 17:18:27'),
(127,'2018-7-24 16:7:52'),
(128,'2020-12-1 15:13:13'),
(129,'2018-6-3 18:22:45'),
(130,'2020-8-10 17:49:40'),
(131,'2021-3-18 17:28:32'),
(132,'2019-2-4 15:20:39'),
(133,'2018-3-25 16:30:39'),
(134,'2018-9-25 19:26:5'),
(135,'2018-9-16 15:6:20'),
(136,'2020-1-2 16:47:27'),
(137,'2021-3-27 16:22:37'),
(138,'2021-9-4 15:25:56'),
(139,'2019-3-29 18:33:17'),
(140,'2018-3-30 18:16:59'),
(141,'2020-7-19 16:40:20'),
(142,'2021-10-28 17:48:18'),
(143,'2018-8-1 16:42:5'),
(144,'2020-11-29 15:6:45'),
(145,'2021-8-24 16:12:53'),
(146,'2018-12-1 19:44:20'),
(147,'2019-8-14 18:35:49'),
(148,'2018-6-20 19:31:55'),
(149,'2018-3-22 18:35:55'),
(150,'2021-11-22 17:56:56');


insert into checkout values
(1,'2021-5-26 10:19:5'),
(2,'2020-7-10 15:7:50'),
(3,'2020-10-29 13:36:14'),
(4,'2021-7-27 11:53:47'),
(5,'2020-7-25 11:10:11'),
(6,'2021-12-24 11:11:30'),
(7,'2021-8-22 15:53:3'),
(8,'2021-10-18 14:22:56'),
(9,'2020-5-29 13:29:7'),
(10,'2018-10-30 13:11:36'),
(11,'2018-10-28 13:18:11'),
(12,'2019-11-30 14:14:51'),
(13,'2020-12-22 13:46:38'),
(14,'2020-12-7 11:56:23'),
(15,'2020-8-23 11:27:59'),
(16,'2020-8-8 10:25:33'),
(17,'2020-11-19 14:48:2'),
(18,'2020-10-25 14:14:34'),
(19,'2021-11-20 10:25:56'),
(20,'2020-11-27 12:11:25'),
(21,'2019-12-26 11:38:43'),
(22,'2021-12-29 10:42:59'),
(23,'2021-11-8 14:2:6'),
(24,'2019-11-16 12:4:17'),
(25,'2021-11-21 11:5:11'),
(26,'2021-11-24 13:8:57'),
(27,'2021-12-16 12:19:39'),
(28,'2021-10-28 11:3:48'),
(29,'2020-8-25 11:31:22'),
(30,'2020-10-24 12:8:7'),
(31,'2020-7-26 10:35:45'),
(32,'2019-6-30 15:13:48'),
(33,'2021-12-4 10:24:21'),
(34,'2021-10-30 14:13:27'),
(35,'2019-8-24 10:19:12'),
(36,'2019-3-20 15:20:7'),
(37,'2019-10-26 13:47:38'),
(38,'2018-11-29 13:49:38'),
(39,'2021-9-15 11:29:43'),
(40,'2021-6-15 10:18:28'),
(41,'2021-10-30 13:6:55'),
(42,'2019-9-18 15:9:25'),
(43,'2020-12-27 13:46:45'),
(44,'2020-11-30 11:5:18'),
(45,'2021-10-29 11:52:25'),
(46,'2021-9-28 14:24:39'),
(47,'2018-6-21 12:16:11'),
(48,'2021-9-23 10:9:29'),
(49,'2020-4-26 14:15:36'),
(50,'2021-11-3 10:37:25'),
(51,'2021-12-12 11:19:17'),
(52,'2019-8-11 15:38:31'),
(53,'2020-7-26 10:34:39'),
(54,'2021-12-23 12:20:56'),
(55,'2019-11-20 13:36:55'),
(56,'2021-8-30 12:44:36'),
(57,'2019-9-12 13:52:4'),
(58,'2021-6-12 11:14:30'),
(59,'2020-12-26 10:18:40'),
(60,'2021-11-21 15:8:9'),
(61,'2019-11-21 10:26:8'),
(62,'2021-6-27 12:18:48'),
(63,'2021-11-26 14:11:6'),
(64,'2019-9-24 11:18:45'),
(65,'2021-10-29 12:55:17'),
(66,'2020-12-25 11:18:15'),
(67,'2020-12-29 11:12:17'),
(68,'2021-12-19 15:28:45'),
(69,'2019-10-10 15:17:48'),
(70,'2019-12-27 12:15:12'),
(71,'2021-12-30 15:45:20'),
(72,'2019-12-28 12:59:32'),
(73,'2021-9-30 11:13:42'),
(74,'2020-11-26 12:37:21'),
(75,'2021-12-28 10:26:15'),
(76,'2021-7-17 10:35:32'),
(77,'2021-10-30 14:46:18'),
(78,'2021-10-25 15:43:7'),
(79,'2021-12-29 15:1:9'),
(80,'2021-12-26 13:43:51'),
(81,'2019-6-26 12:21:36'),
(82,'2020-12-30 14:28:3'),
(83,'2020-9-15 10:8:28'),
(84,'2021-11-20 15:26:26'),
(85,'2021-10-18 11:50:12'),
(86,'2019-12-23 13:13:7'),
(87,'2021-12-10 13:28:52'),
(88,'2021-12-19 11:30:37'),
(89,'2019-11-20 10:28:6'),
(90,'2021-10-27 12:26:32'),
(91,'2018-8-29 13:24:53'),
(92,'2019-11-24 14:23:34'),
(93,'2021-11-28 12:26:8'),
(94,'2021-12-27 10:23:43'),
(95,'2020-2-24 11:22:58'),
(96,'2021-10-30 12:30:17'),
(97,'2021-11-25 11:36:37'),
(98,'2020-9-15 13:27:56'),
(99,'2019-4-30 11:26:7'),
(100,'2020-7-26 14:13:36'),
(101,'2021-9-25 13:28:36'),
(102,'2021-11-18 15:2:2'),
(103,'2019-12-29 14:15:58'),
(104,'2020-6-27 11:28:10'),
(105,'2021-7-20 13:55:48'),
(106,'2021-7-3 13:7:18'),
(107,'2018-12-23 12:42:44'),
(108,'2020-10-26 10:1:9'),
(109,'2020-10-24 14:29:38'),
(110,'2021-7-22 14:45:30'),
(111,'2021-10-26 14:17:30'),
(112,'2021-8-8 10:39:54'),
(113,'2018-12-28 13:24:12'),
(114,'2021-5-30 11:29:18'),
(115,'2020-5-22 13:39:11'),
(116,'2021-4-10 15:57:19'),
(117,'2021-10-11 11:33:1'),
(118,'2020-6-22 14:48:49'),
(119,'2021-9-29 11:36:26'),
(120,'2021-10-28 14:57:5'),
(121,'2019-12-23 10:59:8'),
(122,'2021-10-29 14:54:27'),
(123,'2021-10-1 10:3:20'),
(124,'2019-10-21 13:45:55'),
(125,'2020-12-20 13:18:14'),
(126,'2019-7-18 13:29:32'),
(127,'2021-9-28 10:56:28'),
(128,'2021-12-21 13:26:16'),
(129,'2019-6-15 11:59:14'),
(130,'2020-12-23 15:4:48'),
(131,'2021-5-21 11:12:16'),
(132,'2020-6-30 11:7:37'),
(133,'2021-10-28 11:10:46'),
(134,'2021-9-27 15:57:40'),
(135,'2019-10-16 14:10:49'),
(136,'2020-6-6 12:11:51'),
(137,'2021-9-28 10:1:56'),
(138,'2021-9-28 11:39:9'),
(139,'2021-12-29 13:29:4'),
(140,'2019-3-30 12:26:28'),
(141,'2020-10-21 13:44:10'),
(142,'2021-10-30 15:46:14'),
(143,'2018-12-9 10:52:50'),
(144,'2021-11-29 13:24:6'),
(145,'2021-8-28 12:30:17'),
(146,'2020-12-18 14:53:44'),
(147,'2019-8-20 15:4:38'),
(148,'2021-7-23 14:12:54'),
(149,'2018-7-23 11:3:15'),
(150,'2021-12-23 11:31:45');