insert into pais (codigo_pais, nombre) values 
(501, 'Belice'),
(502, 'Guatemala'),
(503, 'El Salvador'),
(504, 'Honduras'),
(505, 'Nicaragua'),
(506, 'Costa Rica'),
(507, 'Panamá');

insert into  hotel (nombre, estrellas, pais) values
('hotel1-belico', 3, 501),
('hotel2-belico', 3, 501),
('hotel3-belico', 3, 501),
('hotel4-belico', 3, 501),
('hotel5-belico', 3, 501),
('hotel6-belico', 4, 501),
('hotel7-belico', 4, 501),
('hotel8-belico', 4, 501),
('hotel9-belico', 4, 501),
('hotel10-belico', 4, 501),
('hotel11-belico', 5, 501),
('hotel12-belico', 5, 501),
('hotel13-belico', 5, 501),
('hotel14-belico', 5, 501),
('hotel15-belico', 5, 501),
('hotel1-chapin', 3, 502),
('hotel2-chapin', 3, 502),
('hotel3-chapin', 3, 502),
('hotel4-chapin', 3, 502),
('hotel5-chapin', 3, 502),
('hotel6-chapin', 4, 502),
('hotel7-chapin', 4, 502),
('hotel8-chapin', 4, 502),
('hotel9-chapin', 4, 502),
('hotel10-chapin', 4, 502),
('hotel11-chapin', 5, 502),
('hotel12-chapin', 5, 502),
('hotel13-chapin', 5, 502),
('hotel14-chapin', 5, 502),
('hotel15-chapin', 5, 502),
('hotel1-guanaco', 3, 503),
('hotel2-guanaco', 3, 503),
('hotel3-guanaco', 3, 503),
('hotel4-guanaco', 3, 503),
('hotel5-guanaco', 3, 503),
('hotel6-guanaco', 4, 503),
('hotel7-guanaco', 4, 503),
('hotel8-guanaco', 4, 503),
('hotel9-guanaco', 4, 503),
('hotel10-guanaco', 4, 503),
('hotel11-guanaco', 5, 503),
('hotel12-guanaco', 5, 503),
('hotel13-guanaco', 5, 503),
('hotel14-guanaco', 5, 503),
('hotel15-guanaco', 5, 503),
('hotel1-catracho', 3, 504),
('hotel2-catracho', 3, 504),
('hotel3-catracho', 3, 504),
('hotel4-catracho', 3, 504),
('hotel5-catracho', 3, 504),
('hotel6-catracho', 4, 504),
('hotel7-catracho', 4, 504),
('hotel8-catracho', 4, 504),
('hotel9-catracho', 4, 504),
('hotel10-catracho', 4, 504),
('hotel11-catracho', 5, 504),
('hotel12-catracho', 5, 504),
('hotel13-catracho', 5, 504),
('hotel14-catracho', 5, 504),
('hotel15-catracho', 5, 504),
('hotel1-nica', 3, 505),
('hotel2-nica', 3, 505),
('hotel3-nica', 3, 505),
('hotel4-nica', 3, 505),
('hotel5-nica', 3, 505),
('hotel6-nica', 4, 505),
('hotel7-nica', 4, 505),
('hotel8-nica', 4, 505),
('hotel9-nica', 4, 505),
('hotel10-nica', 4, 505),
('hotel11-nica', 5, 505),
('hotel12-nica', 5, 505),
('hotel13-nica', 5, 505),
('hotel14-nica', 5, 505),
('hotel15-nica', 5, 505);

insert into habitacion (codigo_habitacion, tipo, hotel) values
(2, 'simple', 1),
(3, 'simple', 1),
(4, 'simple', 1),
(5, 'simple', 1),
(2, 'simple', 2),
(3, 'simple', 2),
(4, 'simple', 2),
(5, 'simple', 2),
(2, 'simple', 3),
(3, 'simple', 3),
(4, 'simple', 3),
(5, 'simple', 3),
(2, 'simple', 4),
(3, 'simple', 4),
(4, 'simple', 4),
(5, 'simple', 4),
(2, 'simple', 5),
(3, 'simple', 5),
(4, 'simple', 5),
(5, 'simple', 5),
(2, 'simple', 6),
(3, 'simple', 6),
(4, 'simple', 6),
(5, 'simple', 6),
(2, 'simple', 7),
(3, 'simple', 7),
(4, 'simple', 7),
(5, 'simple', 7),
(2, 'simple', 8),
(3, 'simple', 8),
(4, 'simple', 8),
(5, 'simple', 8),
(2, 'simple', 9),
(3, 'simple', 9),
(4, 'simple', 9),
(5, 'simple', 9),
(2, 'simple', 10),
(3, 'simple', 10),
(4, 'simple', 10),
(5, 'simple', 10),
(2, 'simple', 11),
(3, 'simple', 11),
(4, 'simple', 11),
(5, 'simple', 11),
(2, 'simple', 12),
(3, 'simple', 12),
(4, 'simple', 12),
(5, 'simple', 12),
(2, 'simple', 13),
(3, 'simple', 13),
(4, 'simple', 13),
(5, 'simple', 13),
(2, 'simple', 14),
(3, 'simple', 14),
(4, 'simple', 14),
(5, 'simple', 14),
(2, 'simple', 15),
(3, 'simple', 15),
(4, 'simple', 15),
(5, 'simple', 15),
(2, 'simple', 16),
(3, 'simple', 16),
(4, 'simple', 16),
(5, 'simple', 16),
(2, 'simple', 17),
(3, 'simple', 17),
(4, 'simple', 17),
(5, 'simple', 17),
(2, 'simple', 18),
(3, 'simple', 18),
(4, 'simple', 18),
(5, 'simple', 18),
(2, 'simple', 19),
(3, 'simple', 19),
(4, 'simple', 19),
(5, 'simple', 19),
(2, 'simple', 20),
(3, 'simple', 20),
(4, 'simple', 20),
(5, 'simple', 20),
(2, 'simple', 21),
(3, 'simple', 21),
(4, 'simple', 21),
(5, 'simple', 21),
(2, 'simple', 22),
(3, 'simple', 22),
(4, 'simple', 22),
(5, 'simple', 22),
(2, 'simple', 23),
(3, 'simple', 23),
(4, 'simple', 23),
(5, 'simple', 23),
(2, 'simple', 24),
(3, 'simple', 24),
(4, 'simple', 24),
(5, 'simple', 24),
(2, 'simple', 25),
(3, 'simple', 25),
(4, 'simple', 25),
(5, 'simple', 25),
(2, 'simple', 26),
(3, 'simple', 26),
(4, 'simple', 26),
(5, 'simple', 26),
(2, 'simple', 27),
(3, 'simple', 27),
(4, 'simple', 27),
(5, 'simple', 27),
(2, 'simple', 28),
(3, 'simple', 28),
(4, 'simple', 28),
(5, 'simple', 28),
(2, 'simple', 29),
(3, 'simple', 29),
(4, 'simple', 29),
(5, 'simple', 29),
(2, 'simple', 30),
(3, 'simple', 30),
(4, 'simple', 30),
(5, 'simple', 30),
(2, 'simple', 31),
(3, 'simple', 31),
(4, 'simple', 31),
(5, 'simple', 31),
(2, 'simple', 32),
(3, 'simple', 32),
(4, 'simple', 32),
(5, 'simple', 32),
(2, 'simple', 33),
(3, 'simple', 33),
(4, 'simple', 33),
(5, 'simple', 33),
(2, 'simple', 34),
(3, 'simple', 34),
(4, 'simple', 34),
(5, 'simple', 34),
(2, 'simple', 35),
(3, 'simple', 35),
(4, 'simple', 35),
(5, 'simple', 35),
(2, 'simple', 36),
(3, 'simple', 36),
(4, 'simple', 36),
(5, 'simple', 36),
(2, 'simple', 37),
(3, 'simple', 37),
(4, 'simple', 37),
(5, 'simple', 37),
(2, 'simple', 38),
(3, 'simple', 38),
(4, 'simple', 38),
(5, 'simple', 38),
(2, 'simple', 39),
(3, 'simple', 39),
(4, 'simple', 39),
(5, 'simple', 39),
(2, 'simple', 40),
(3, 'simple', 40),
(4, 'simple', 40),
(5, 'simple', 40),
(2, 'simple', 41),
(3, 'simple', 41),
(4, 'simple', 41),
(5, 'simple', 41),
(2, 'simple', 42),
(3, 'simple', 42),
(4, 'simple', 42),
(5, 'simple', 42),
(2, 'simple', 43),
(3, 'simple', 43),
(4, 'simple', 43),
(5, 'simple', 43),
(2, 'simple', 44),
(3, 'simple', 44),
(4, 'simple', 44),
(5, 'simple', 44),
(2, 'simple', 45),
(3, 'simple', 45),
(4, 'simple', 45),
(5, 'simple', 45),
(6, 'individual', 1),
(7, 'individual', 1),
(8, 'individual', 1),
(9, 'individual', 1),
(6, 'individual', 2),
(7, 'individual', 2),
(8, 'individual', 2),
(9, 'individual', 2),
(6, 'individual', 3),
(7, 'individual', 3),
(8, 'individual', 3),
(9, 'individual', 3),
(6, 'individual', 4),
(7, 'individual', 4),
(8, 'individual', 4),
(9, 'individual', 4),
(6, 'individual', 5),
(7, 'individual', 5),
(8, 'individual', 5),
(9, 'individual', 5),
(6, 'individual', 6),
(7, 'individual', 6),
(8, 'individual', 6),
(9, 'individual', 6),
(6, 'individual', 7),
(7, 'individual', 7),
(8, 'individual', 7),
(9, 'individual', 7),
(6, 'individual', 8),
(7, 'individual', 8),
(8, 'individual', 8),
(9, 'individual', 8),
(6, 'individual', 9),
(7, 'individual', 9),
(8, 'individual', 9),
(9, 'individual', 9),
(6, 'individual', 10),
(7, 'individual', 10),
(8, 'individual', 10),
(9, 'individual', 10),
(6, 'individual', 11),
(7, 'individual', 11),
(8, 'individual', 11),
(9, 'individual', 11),
(6, 'individual', 12),
(7, 'individual', 12),
(8, 'individual', 12),
(9, 'individual', 12),
(6, 'individual', 13),
(7, 'individual', 13),
(8, 'individual', 13),
(9, 'individual', 13),
(6, 'individual', 14),
(7, 'individual', 14),
(8, 'individual', 14),
(9, 'individual', 14),
(6, 'individual', 15),
(7, 'individual', 15),
(8, 'individual', 15),
(9, 'individual', 15),
(6, 'individual', 16),
(7, 'individual', 16),
(8, 'individual', 16),
(9, 'individual', 16),
(6, 'individual', 17),
(7, 'individual', 17),
(8, 'individual', 17),
(9, 'individual', 17),
(6, 'individual', 18),
(7, 'individual', 18),
(8, 'individual', 18),
(9, 'individual', 18),
(6, 'individual', 19),
(7, 'individual', 19),
(8, 'individual', 19),
(9, 'individual', 19),
(6, 'individual', 20),
(7, 'individual', 20),
(8, 'individual', 20),
(9, 'individual', 20),
(6, 'individual', 21),
(7, 'individual', 21),
(8, 'individual', 21),
(9, 'individual', 21),
(6, 'individual', 22),
(7, 'individual', 22),
(8, 'individual', 22),
(9, 'individual', 22),
(6, 'individual', 23),
(7, 'individual', 23),
(8, 'individual', 23),
(9, 'individual', 23),
(6, 'individual', 24),
(7, 'individual', 24),
(8, 'individual', 24),
(9, 'individual', 24),
(6, 'individual', 25),
(7, 'individual', 25),
(8, 'individual', 25),
(9, 'individual', 25),
(6, 'individual', 26),
(7, 'individual', 26),
(8, 'individual', 26),
(9, 'individual', 26),
(6, 'individual', 27),
(7, 'individual', 27),
(8, 'individual', 27),
(9, 'individual', 27),
(6, 'individual', 28),
(7, 'individual', 28),
(8, 'individual', 28),
(9, 'individual', 28),
(6, 'individual', 29),
(7, 'individual', 29),
(8, 'individual', 29),
(9, 'individual', 29),
(6, 'individual', 30),
(7, 'individual', 30),
(8, 'individual', 30),
(9, 'individual', 30),
(6, 'individual', 31),
(7, 'individual', 31),
(8, 'individual', 31),
(9, 'individual', 31),
(6, 'individual', 32),
(7, 'individual', 32),
(8, 'individual', 32),
(9, 'individual', 32),
(6, 'individual', 33),
(7, 'individual', 33),
(8, 'individual', 33),
(9, 'individual', 33),
(6, 'individual', 34),
(7, 'individual', 34),
(8, 'individual', 34),
(9, 'individual', 34),
(6, 'individual', 35),
(7, 'individual', 35),
(8, 'individual', 35),
(9, 'individual', 35),
(6, 'individual', 36),
(7, 'individual', 36),
(8, 'individual', 36),
(9, 'individual', 36),
(6, 'individual', 37),
(7, 'individual', 37),
(8, 'individual', 37),
(9, 'individual', 37),
(6, 'individual', 38),
(7, 'individual', 38),
(8, 'individual', 38),
(9, 'individual', 38),
(6, 'individual', 39),
(7, 'individual', 39),
(8, 'individual', 39),
(9, 'individual', 39),
(6, 'individual', 40),
(7, 'individual', 40),
(8, 'individual', 40),
(9, 'individual', 40),
(6, 'individual', 41),
(7, 'individual', 41),
(8, 'individual', 41),
(9, 'individual', 41),
(6, 'individual', 42),
(7, 'individual', 42),
(8, 'individual', 42),
(9, 'individual', 42),
(6, 'individual', 43),
(7, 'individual', 43),
(8, 'individual', 43),
(9, 'individual', 43),
(6, 'individual', 44),
(7, 'individual', 44),
(8, 'individual', 44),
(9, 'individual', 44),
(6, 'individual', 45),
(7, 'individual', 45),
(8, 'individual', 45),
(9, 'individual', 45);
