insert into pais (codigo_pais, nombre) values 
(501, 'Belice'),
(502, 'Guatemala'),
(503, 'El Salvador'),
(504, 'Honduras'),
(505, 'Nicaragua'),
(506, 'Costa Rica'),
(507, 'Panamá');

insert into  hotel (nombre, estrellas, pais) values
('hotel1-belico', 3, 501),
('hotel2-belico', 3, 501),
('hotel3-belico', 3, 501),
('hotel4-belico', 3, 501),
('hotel5-belico', 3, 501),
('hotel6-belico', 4, 501),
('hotel7-belico', 4, 501),
('hotel8-belico', 4, 501),
('hotel9-belico', 4, 501),
('hotel10-belico', 4, 501),
('hotel11-belico', 5, 501),
('hotel12-belico', 5, 501),
('hotel13-belico', 5, 501),
('hotel14-belico', 5, 501),
('hotel15-belico', 5, 501),
('hotel1-chapin', 3, 502),
('hotel2-chapin', 3, 502),
('hotel3-chapin', 3, 502),
('hotel4-chapin', 3, 502),
('hotel5-chapin', 3, 502),
('hotel6-chapin', 4, 502),
('hotel7-chapin', 4, 502),
('hotel8-chapin', 4, 502),
('hotel9-chapin', 4, 502),
('hotel10-chapin', 4, 502),
('hotel11-chapin', 5, 502),
('hotel12-chapin', 5, 502),
('hotel13-chapin', 5, 502),
('hotel14-chapin', 5, 502),
('hotel15-chapin', 5, 502),
('hotel1-guanaco', 3, 503),
('hotel2-guanaco', 3, 503),
('hotel3-guanaco', 3, 503),
('hotel4-guanaco', 3, 503),
('hotel5-guanaco', 3, 503),
('hotel6-guanaco', 4, 503),
('hotel7-guanaco', 4, 503),
('hotel8-guanaco', 4, 503),
('hotel9-guanaco', 4, 503),
('hotel10-guanaco', 4, 503),
('hotel11-guanaco', 5, 503),
('hotel12-guanaco', 5, 503),
('hotel13-guanaco', 5, 503),
('hotel14-guanaco', 5, 503),
('hotel15-guanaco', 5, 503),
('hotel1-catracho', 3, 504),
('hotel2-catracho', 3, 504),
('hotel3-catracho', 3, 504),
('hotel4-catracho', 3, 504),
('hotel5-catracho', 3, 504),
('hotel6-catracho', 4, 504),
('hotel7-catracho', 4, 504),
('hotel8-catracho', 4, 504),
('hotel9-catracho', 4, 504),
('hotel10-catracho', 4, 504),
('hotel11-catracho', 5, 504),
('hotel12-catracho', 5, 504),
('hotel13-catracho', 5, 504),
('hotel14-catracho', 5, 504),
('hotel15-catracho', 5, 504),
('hotel1-nica', 3, 505),
('hotel2-nica', 3, 505),
('hotel3-nica', 3, 505),
('hotel4-nica', 3, 505),
('hotel5-nica', 3, 505),
('hotel6-nica', 4, 505),
('hotel7-nica', 4, 505),
('hotel8-nica', 4, 505),
('hotel9-nica', 4, 505),
('hotel10-nica', 4, 505),
('hotel11-nica', 5, 505),
('hotel12-nica', 5, 505),
('hotel13-nica', 5, 505),
('hotel14-nica', 5, 505),
('hotel15-nica', 5, 505);

insert into habitacion (codigo_habitacion, tipo, hotel) values
(2, 'simple', 1),
(3, 'simple', 1),
(4, 'simple', 1),
(5, 'simple', 1),
(2, 'simple', 2),
(3, 'simple', 2),
(4, 'simple', 2),
(5, 'simple', 2),
(2, 'simple', 3),
(3, 'simple', 3),
(4, 'simple', 3),
(5, 'simple', 3),
(2, 'simple', 4),
(3, 'simple', 4),
(4, 'simple', 4),
(5, 'simple', 4),
(2, 'simple', 5),
(3, 'simple', 5),
(4, 'simple', 5),
(5, 'simple', 5),
(2, 'simple', 6),
(3, 'simple', 6),
(4, 'simple', 6),
(5, 'simple', 6),
(2, 'simple', 7),
(3, 'simple', 7),
(4, 'simple', 7),
(5, 'simple', 7),
(2, 'simple', 8),
(3, 'simple', 8),
(4, 'simple', 8),
(5, 'simple', 8),
(2, 'simple', 9),
(3, 'simple', 9),
(4, 'simple', 9),
(5, 'simple', 9),
(2, 'simple', 10),
(3, 'simple', 10),
(4, 'simple', 10),
(5, 'simple', 10),
(2, 'simple', 11),
(3, 'simple', 11),
(4, 'simple', 11),
(5, 'simple', 11),
(2, 'simple', 12),
(3, 'simple', 12),
(4, 'simple', 12),
(5, 'simple', 12),
(2, 'simple', 13),
(3, 'simple', 13),
(4, 'simple', 13),
(5, 'simple', 13),
(2, 'simple', 14),
(3, 'simple', 14),
(4, 'simple', 14),
(5, 'simple', 14),
(2, 'simple', 15),
(3, 'simple', 15),
(4, 'simple', 15),
(5, 'simple', 15),
(2, 'simple', 16),
(3, 'simple', 16),
(4, 'simple', 16),
(5, 'simple', 16),
(2, 'simple', 17),
(3, 'simple', 17),
(4, 'simple', 17),
(5, 'simple', 17),
(2, 'simple', 18),
(3, 'simple', 18),
(4, 'simple', 18),
(5, 'simple', 18),
(2, 'simple', 19),
(3, 'simple', 19),
(4, 'simple', 19),
(5, 'simple', 19),
(2, 'simple', 20),
(3, 'simple', 20),
(4, 'simple', 20),
(5, 'simple', 20),
(2, 'simple', 21),
(3, 'simple', 21),
(4, 'simple', 21),
(5, 'simple', 21),
(2, 'simple', 22),
(3, 'simple', 22),
(4, 'simple', 22),
(5, 'simple', 22),
(2, 'simple', 23),
(3, 'simple', 23),
(4, 'simple', 23),
(5, 'simple', 23),
(2, 'simple', 24),
(3, 'simple', 24),
(4, 'simple', 24),
(5, 'simple', 24),
(2, 'simple', 25),
(3, 'simple', 25),
(4, 'simple', 25),
(5, 'simple', 25),
(2, 'simple', 26),
(3, 'simple', 26),
(4, 'simple', 26),
(5, 'simple', 26),
(2, 'simple', 27),
(3, 'simple', 27),
(4, 'simple', 27),
(5, 'simple', 27),
(2, 'simple', 28),
(3, 'simple', 28),
(4, 'simple', 28),
(5, 'simple', 28),
(2, 'simple', 29),
(3, 'simple', 29),
(4, 'simple', 29),
(5, 'simple', 29),
(2, 'simple', 30),
(3, 'simple', 30),
(4, 'simple', 30),
(5, 'simple', 30),
(2, 'simple', 31),
(3, 'simple', 31),
(4, 'simple', 31),
(5, 'simple', 31),
(2, 'simple', 32),
(3, 'simple', 32),
(4, 'simple', 32),
(5, 'simple', 32),
(2, 'simple', 33),
(3, 'simple', 33),
(4, 'simple', 33),
(5, 'simple', 33),
(2, 'simple', 34),
(3, 'simple', 34),
(4, 'simple', 34),
(5, 'simple', 34),
(2, 'simple', 35),
(3, 'simple', 35),
(4, 'simple', 35),
(5, 'simple', 35),
(2, 'simple', 36),
(3, 'simple', 36),
(4, 'simple', 36),
(5, 'simple', 36),
(2, 'simple', 37),
(3, 'simple', 37),
(4, 'simple', 37),
(5, 'simple', 37),
(2, 'simple', 38),
(3, 'simple', 38),
(4, 'simple', 38),
(5, 'simple', 38),
(2, 'simple', 39),
(3, 'simple', 39),
(4, 'simple', 39),
(5, 'simple', 39),
(2, 'simple', 40),
(3, 'simple', 40),
(4, 'simple', 40),
(5, 'simple', 40),
(2, 'simple', 41),
(3, 'simple', 41),
(4, 'simple', 41),
(5, 'simple', 41),
(2, 'simple', 42),
(3, 'simple', 42),
(4, 'simple', 42),
(5, 'simple', 42),
(2, 'simple', 43),
(3, 'simple', 43),
(4, 'simple', 43),
(5, 'simple', 43),
(2, 'simple', 44),
(3, 'simple', 44),
(4, 'simple', 44),
(5, 'simple', 44),
(2, 'simple', 45),
(3, 'simple', 45),
(4, 'simple', 45),
(5, 'simple', 45),
(6, 'individual', 1),
(7, 'individual', 1),
(8, 'individual', 1),
(9, 'individual', 1),
(6, 'individual', 2),
(7, 'individual', 2),
(8, 'individual', 2),
(9, 'individual', 2),
(6, 'individual', 3),
(7, 'individual', 3),
(8, 'individual', 3),
(9, 'individual', 3),
(6, 'individual', 4),
(7, 'individual', 4),
(8, 'individual', 4),
(9, 'individual', 4),
(6, 'individual', 5),
(7, 'individual', 5),
(8, 'individual', 5),
(9, 'individual', 5),
(6, 'individual', 6),
(7, 'individual', 6),
(8, 'individual', 6),
(9, 'individual', 6),
(6, 'individual', 7),
(7, 'individual', 7),
(8, 'individual', 7),
(9, 'individual', 7),
(6, 'individual', 8),
(7, 'individual', 8),
(8, 'individual', 8),
(9, 'individual', 8),
(6, 'individual', 9),
(7, 'individual', 9),
(8, 'individual', 9),
(9, 'individual', 9),
(6, 'individual', 10),
(7, 'individual', 10),
(8, 'individual', 10),
(9, 'individual', 10),
(6, 'individual', 11),
(7, 'individual', 11),
(8, 'individual', 11),
(9, 'individual', 11),
(6, 'individual', 12),
(7, 'individual', 12),
(8, 'individual', 12),
(9, 'individual', 12),
(6, 'individual', 13),
(7, 'individual', 13),
(8, 'individual', 13),
(9, 'individual', 13),
(6, 'individual', 14),
(7, 'individual', 14),
(8, 'individual', 14),
(9, 'individual', 14),
(6, 'individual', 15),
(7, 'individual', 15),
(8, 'individual', 15),
(9, 'individual', 15),
(6, 'individual', 16),
(7, 'individual', 16),
(8, 'individual', 16),
(9, 'individual', 16),
(6, 'individual', 17),
(7, 'individual', 17),
(8, 'individual', 17),
(9, 'individual', 17),
(6, 'individual', 18),
(7, 'individual', 18),
(8, 'individual', 18),
(9, 'individual', 18),
(6, 'individual', 19),
(7, 'individual', 19),
(8, 'individual', 19),
(9, 'individual', 19),
(6, 'individual', 20),
(7, 'individual', 20),
(8, 'individual', 20),
(9, 'individual', 20),
(6, 'individual', 21),
(7, 'individual', 21),
(8, 'individual', 21),
(9, 'individual', 21),
(6, 'individual', 22),
(7, 'individual', 22),
(8, 'individual', 22),
(9, 'individual', 22),
(6, 'individual', 23),
(7, 'individual', 23),
(8, 'individual', 23),
(9, 'individual', 23),
(6, 'individual', 24),
(7, 'individual', 24),
(8, 'individual', 24),
(9, 'individual', 24),
(6, 'individual', 25),
(7, 'individual', 25),
(8, 'individual', 25),
(9, 'individual', 25),
(6, 'individual', 26),
(7, 'individual', 26),
(8, 'individual', 26),
(9, 'individual', 26),
(6, 'individual', 27),
(7, 'individual', 27),
(8, 'individual', 27),
(9, 'individual', 27),
(6, 'individual', 28),
(7, 'individual', 28),
(8, 'individual', 28),
(9, 'individual', 28),
(6, 'individual', 29),
(7, 'individual', 29),
(8, 'individual', 29),
(9, 'individual', 29),
(6, 'individual', 30),
(7, 'individual', 30),
(8, 'individual', 30),
(9, 'individual', 30),
(6, 'individual', 31),
(7, 'individual', 31),
(8, 'individual', 31),
(9, 'individual', 31),
(6, 'individual', 32),
(7, 'individual', 32),
(8, 'individual', 32),
(9, 'individual', 32),
(6, 'individual', 33),
(7, 'individual', 33),
(8, 'individual', 33),
(9, 'individual', 33),
(6, 'individual', 34),
(7, 'individual', 34),
(8, 'individual', 34),
(9, 'individual', 34),
(6, 'individual', 35),
(7, 'individual', 35),
(8, 'individual', 35),
(9, 'individual', 35),
(6, 'individual', 36),
(7, 'individual', 36),
(8, 'individual', 36),
(9, 'individual', 36),
(6, 'individual', 37),
(7, 'individual', 37),
(8, 'individual', 37),
(9, 'individual', 37),
(6, 'individual', 38),
(7, 'individual', 38),
(8, 'individual', 38),
(9, 'individual', 38),
(6, 'individual', 39),
(7, 'individual', 39),
(8, 'individual', 39),
(9, 'individual', 39),
(6, 'individual', 40),
(7, 'individual', 40),
(8, 'individual', 40),
(9, 'individual', 40),
(6, 'individual', 41),
(7, 'individual', 41),
(8, 'individual', 41),
(9, 'individual', 41),
(6, 'individual', 42),
(7, 'individual', 42),
(8, 'individual', 42),
(9, 'individual', 42),
(6, 'individual', 43),
(7, 'individual', 43),
(8, 'individual', 43),
(9, 'individual', 43),
(6, 'individual', 44),
(7, 'individual', 44),
(8, 'individual', 44),
(9, 'individual', 44),
(6, 'individual', 45),
(7, 'individual', 45),
(8, 'individual', 45),
(9, 'individual', 45);

insert into cliente values 
(3201432790101, 'Francisco Gomez', 67675490, 45283279),
(2023354270406, 'Oscar Morales', 54322184, 45337310),
(8641759230508, 'Maria Valdez', 43211787, 42339875),
(5682147520105, 'Eugenia Garcia', 66543298, 33459720),
(1759842640307, 'Paola Martinez', 97785432, 54559032),
(3100851687309, 'Edgard Figueroa', 25256510, 20482918),
(2098528669962, 'Mayra Archila', 18230324, 16214809),
(3531538192640, 'Alejandra Gonzales', 14003448, 47699376),
(4798577352088, 'Estela Montoya', 19256863, 46685673),
(2217205578416, 'Esteban Solorzano', 25294807, 27861507),
(3734322100894, 'Juan Gabriel', 55398992, 17318923),
(2314470155584, 'Barabara Quiñones', 41676992, 28908470),
(4204242810238, 'Erick Barrondo', 13326880, 27388202),
(2996648265015, 'Ricardo Arjona', 48683388, 35920040),
(3414523199874, 'Gabriela Moreno', 20779521, 37484764);

insert into reservacion (monto, fecha_ingreso, fecha_salida, habitacion, hotel, cliente) values
(378.19,'2020-11-4','2020-11-14',4,14,3414523199874),
(337.22,'2020-11-29','2020-11-30',3,7,3531538192640),
(360.08,'2020-11-12','2020-12-14',8,35,2098528669962),
(695.27,'2020-7-2','2020-7-23',4,20,4798577352088),
(632.08,'2020-7-10','2020-8-16',9,5,3201432790101),
(534.94,'2020-4-11','2020-8-17',9,45,4204242810238),
(616.56,'2020-6-20','2020-8-30',6,41,3100851687309),
(619.76,'2020-4-28','2020-11-28',8,35,3100851687309),
(649.44,'2020-10-10','2020-10-16',8,39,1759842640307),
(867.63,'2020-3-14','2020-4-15',9,23,4204242810238),
(386.82,'2020-2-4','2020-8-16',8,38,2314470155584),
(339.67,'2020-2-4','2020-3-18',5,8,2098528669962),
(548.64,'2020-6-25','2020-6-29',3,43,3100851687309),
(686.68,'2020-4-6','2020-8-15',8,1,2217205578416),
(703.42,'2020-11-3','2020-12-24',9,5,3531538192640),
(777.79,'2020-9-28','2020-10-29',6,17,2023354270406),
(326.75,'2020-4-20','2020-8-22',2,16,2023354270406),
(397.58,'2020-2-25','2020-7-28',5,33,2996648265015),
(850.74,'2020-5-1','2020-6-21',4,17,5682147520105),
(637.08,'2020-4-27','2020-8-29',7,26,2217205578416),
(976.39,'2020-5-28','2020-12-30',5,40,1759842640307),
(804.29,'2020-5-1','2020-5-4',4,30,4204242810238),
(325.04,'2020-8-10','2020-8-15',5,10,2217205578416),
(339.34,'2020-12-30','2020-12-30',2,32,1759842640307),
(868.26,'2020-12-17','2020-12-25',3,10,2314470155584),
(734.20,'2020-8-5','2020-11-21',5,31,3734322100894),
(333.15,'2020-6-23','2020-9-27',4,20,2314470155584),
(990.98,'2020-6-23','2020-8-23',3,5,2098528669962),
(882.11,'2020-12-4','2020-12-27',8,43,3201432790101),
(885.23,'2020-2-9','2020-4-24',3,31,1759842640307),
(450.71,'2020-8-2','2020-11-16',4,26,2996648265015),
(651.91,'2020-4-6','2020-10-12',5,4,2098528669962),
(318.94,'2020-3-25','2020-3-26',8,14,3100851687309),
(432.03,'2020-12-27','2020-12-27',4,2,3734322100894),
(638.26,'2020-5-22','2020-11-24',3,41,2217205578416),
(630.67,'2020-7-23','2020-8-26',3,2,4798577352088),
(746.08,'2020-8-19','2020-8-26',8,43,4798577352088),
(312.75,'2020-12-14','2020-12-25',7,34,2314470155584),
(840.87,'2020-2-15','2020-8-30',4,30,3414523199874),
(947.25,'2020-5-16','2020-12-18',9,15,3531538192640),
(953.37,'2020-9-7','2020-9-20',3,23,3531538192640),
(568.27,'2020-5-16','2020-5-17',5,19,3531538192640),
(538.02,'2020-1-28','2020-3-30',7,18,2098528669962),
(533.85,'2020-11-20','2020-12-26',2,43,3100851687309),
(855.36,'2020-1-30','2020-1-30',2,30,1759842640307),
(754.39,'2020-5-9','2020-5-23',7,38,3414523199874),
(447.53,'2020-4-17','2020-10-24',3,22,2098528669962),
(477.07,'2020-10-27','2020-10-29',7,9,5682147520105),
(349.60,'2020-9-27','2020-9-30',8,32,3531538192640),
(657.01,'2020-12-10','2020-12-30',7,21,4798577352088),
(421.18,'2020-8-14','2020-8-26',3,8,1759842640307),
(724.43,'2020-6-3','2020-6-11',2,11,3100851687309),
(513.04,'2020-5-16','2020-8-18',9,39,2314470155584),
(870.99,'2020-3-7','2020-11-21',9,17,8641759230508),
(532.19,'2020-1-16','2020-6-20',8,18,2217205578416),
(409.78,'2020-2-16','2020-12-18',7,32,3734322100894),
(470.88,'2020-9-15','2020-10-17',7,29,2217205578416),
(564.74,'2020-1-8','2020-5-17',6,19,3531538192640),
(399.81,'2020-5-9','2020-9-30',2,2,3414523199874),
(378.05,'2020-7-8','2020-11-16',6,25,3100851687309),
(991.54,'2020-2-16','2020-12-25',7,33,2217205578416),
(259.90,'2020-1-15','2020-5-22',5,16,2023354270406),
(966.91,'2020-12-25','2020-12-26',2,3,2996648265015),
(641.04,'2020-8-17','2020-9-22',5,37,3100851687309),
(854.05,'2020-3-28','2020-4-28',2,27,4204242810238),
(645.72,'2020-9-18','2020-9-24',2,15,4204242810238),
(538.10,'2020-8-27','2020-8-27',7,42,4204242810238),
(484.40,'2020-10-5','2020-11-15',5,21,5682147520105),
(932.08,'2020-6-15','2020-12-25',3,36,3734322100894),
(798.72,'2020-6-28','2020-10-28',9,2,2098528669962),
(873.15,'2020-10-24','2020-11-30',3,45,8641759230508),
(436.54,'2020-7-12','2020-9-25',7,1,3531538192640),
(645.74,'2020-9-6','2020-9-27',9,45,4204242810238),
(684.31,'2020-11-20','2020-11-27',7,31,5682147520105),
(683.46,'2020-4-22','2020-5-23',4,11,3531538192640),
(332.03,'2020-11-24','2020-11-27',5,16,2023354270406),
(274.65,'2020-12-25','2020-12-25',3,28,1759842640307),
(424.08,'2020-6-24','2020-9-29',8,34,3734322100894),
(281.96,'2020-6-5','2020-9-25',9,39,3100851687309),
(686.07,'2020-3-13','2020-5-16',9,34,2023354270406),
(270.51,'2020-9-24','2020-12-28',2,21,2217205578416),
(824.22,'2020-2-17','2020-7-22',4,28,2217205578416),
(295.07,'2020-12-26','2020-12-28',8,36,3201432790101),
(444.95,'2020-7-16','2020-8-25',9,42,3201432790101),
(396.34,'2020-10-18','2020-12-20',4,33,4798577352088),
(479.64,'2020-9-16','2020-12-29',2,32,3734322100894),
(635.37,'2020-10-21','2020-11-26',2,17,8641759230508),
(658.44,'2020-1-20','2020-3-28',3,37,3414523199874),
(534.81,'2020-11-23','2020-12-24',4,43,2217205578416),
(295.68,'2020-3-24','2020-7-30',7,37,3201432790101),
(569.01,'2020-1-9','2020-12-10',7,45,3201432790101),
(558.52,'2020-12-21','2020-12-28',6,9,5682147520105),
(958.76,'2020-12-10','2020-12-20',3,39,3201432790101),
(382.22,'2020-4-23','2020-5-25',7,30,2217205578416),
(598.39,'2020-6-5','2020-7-11',5,19,8641759230508),
(666.87,'2020-11-20','2020-12-25',3,35,3531538192640),
(760.84,'2020-5-4','2020-8-4',4,7,2023354270406),
(875.73,'2020-7-1','2020-12-13',9,5,8641759230508),
(893.26,'2020-2-11','2020-5-27',3,32,5682147520105),
(616.65,'2020-8-18','2020-11-23',9,27,4204242810238),
(789.73,'2020-6-7','2020-6-17',6,9,8641759230508),
(338.35,'2020-1-18','2020-3-30',8,18,5682147520105),
(772.13,'2020-3-1','2020-12-15',4,37,2098528669962),
(845.84,'2020-5-6','2020-12-27',2,2,8641759230508),
(868.50,'2020-10-4','2020-11-4',7,43,3100851687309),
(440.66,'2020-7-26','2020-9-29',4,30,2314470155584),
(844.68,'2020-10-26','2020-11-28',9,14,4204242810238),
(368.02,'2020-6-19','2020-9-21',3,30,2217205578416),
(881.09,'2020-3-26','2020-9-27',7,5,2996648265015),
(770.00,'2020-5-7','2020-10-27',2,3,4798577352088),
(301.92,'2020-7-17','2020-9-26',4,43,5682147520105),
(768.36,'2020-8-23','2020-10-30',9,10,4798577352088),
(285.19,'2020-8-13','2020-11-23',7,39,1759842640307),
(995.73,'2020-3-16','2020-11-26',2,27,8641759230508),
(886.19,'2020-11-10','2020-11-15',4,14,4798577352088),
(454.13,'2020-4-29','2020-4-29',7,14,3100851687309),
(541.45,'2020-10-18','2020-11-24',7,8,8641759230508),
(852.40,'2020-4-10','2020-4-11',9,4,2217205578416),
(319.27,'2020-12-5','2020-12-5',4,27,3100851687309),
(686.77,'2020-6-12','2020-10-28',3,17,2314470155584),
(874.12,'2020-12-27','2020-12-27',4,35,4798577352088),
(251.55,'2020-12-13','2020-12-17',9,32,2023354270406),
(522.80,'2020-5-16','2020-7-27',2,25,2314470155584),
(283.57,'2020-11-9','2020-11-18',5,32,2023354270406),
(886.93,'2020-9-2','2020-11-27',8,2,5682147520105),
(703.11,'2020-5-17','2020-7-25',9,45,3531538192640),
(419.58,'2020-5-29','2020-5-30',4,33,3734322100894),
(647.37,'2020-11-30','2020-12-30',6,36,3734322100894),
(606.84,'2020-1-21','2020-2-28',7,43,4204242810238),
(279.83,'2020-3-15','2020-12-16',4,21,3531538192640),
(654.04,'2020-7-25','2020-11-25',6,36,2023354270406),
(944.36,'2020-6-29','2020-8-30',8,2,4798577352088),
(745.55,'2020-1-27','2020-5-30',3,8,2098528669962),
(950.38,'2020-6-21','2020-10-21',9,6,3414523199874),
(472.55,'2020-2-19','2020-6-26',8,18,4798577352088),
(750.98,'2020-6-4','2020-9-22',4,22,2023354270406),
(455.88,'2020-6-15','2020-9-19',8,18,3414523199874),
(531.37,'2020-5-28','2020-8-28',9,24,2996648265015),
(899.52,'2020-2-13','2020-12-28',9,24,3100851687309),
(368.24,'2020-4-16','2020-10-29',7,19,3734322100894),
(381.59,'2020-6-30','2020-6-30',7,23,1759842640307),
(580.20,'2020-5-20','2020-11-29',8,27,2023354270406),
(711.89,'2020-5-17','2020-6-28',8,35,3531538192640),
(691.79,'2020-10-28','2020-12-28',6,41,3201432790101),
(605.52,'2020-5-15','2020-10-18',6,24,2996648265015),
(456.56,'2020-12-19','2020-12-28',2,7,8641759230508),
(386.67,'2020-1-13','2020-3-21',2,20,8641759230508),
(903.11,'2020-7-6','2020-10-19',3,10,4204242810238),
(703.27,'2020-5-25','2020-9-30',8,2,3531538192640),
(851.66,'2020-12-28','2020-12-30',2,41,2217205578416);


insert into checkin values
(1,'2020-11-4 15:52:48'),
(2,'2020-11-29 19:8:11'),
(3,'2020-11-12 18:49:25'),
(4,'2020-7-2 16:32:24'),
(5,'2020-7-10 16:23:38'),
(6,'2020-4-11 16:30:47'),
(7,'2020-6-20 18:17:8'),
(8,'2020-4-28 17:47:52'),
(9,'2020-10-10 15:39:18'),
(10,'2020-3-14 18:21:32'),
(11,'2020-2-4 15:30:42'),
(12,'2020-2-4 16:42:14'),
(13,'2020-6-25 18:25:59'),
(14,'2020-4-6 19:16:54'),
(15,'2020-11-3 19:9:2'),
(16,'2020-9-28 18:10:3'),
(17,'2020-4-20 19:37:4'),
(18,'2020-2-25 17:58:58'),
(19,'2020-5-1 17:7:59'),
(20,'2020-4-27 18:32:45'),
(21,'2020-5-28 18:6:45'),
(22,'2020-5-1 15:54:11'),
(23,'2020-8-10 15:17:3'),
(24,'2020-12-30 19:54:3'),
(25,'2020-12-17 17:43:13'),
(26,'2020-8-5 15:33:54'),
(27,'2020-6-23 19:13:12'),
(28,'2020-6-23 19:8:37'),
(29,'2020-12-4 15:35:57'),
(30,'2020-2-9 19:40:11'),
(31,'2020-8-2 18:23:18'),
(32,'2020-4-6 15:30:19'),
(33,'2020-3-25 16:45:18'),
(34,'2020-12-27 15:49:51'),
(35,'2020-5-22 19:54:59'),
(36,'2020-7-23 16:3:12'),
(37,'2020-8-19 15:12:43'),
(38,'2020-12-14 19:44:49'),
(39,'2020-2-15 18:4:23'),
(40,'2020-5-16 16:46:25'),
(41,'2020-9-7 17:3:4'),
(42,'2020-5-16 15:38:12'),
(43,'2020-1-28 17:54:30'),
(44,'2020-11-20 17:13:42'),
(45,'2020-1-30 19:37:4'),
(46,'2020-5-9 16:20:57'),
(47,'2020-4-17 18:58:42'),
(48,'2020-10-27 18:40:6'),
(49,'2020-9-27 18:29:36'),
(50,'2020-12-10 19:58:28'),
(51,'2020-8-14 17:12:44'),
(52,'2020-6-3 16:42:21'),
(53,'2020-5-16 16:32:21'),
(54,'2020-3-7 18:45:57'),
(55,'2020-1-16 15:14:25'),
(56,'2020-2-16 15:1:9'),
(57,'2020-9-15 18:13:19'),
(58,'2020-1-8 15:5:15'),
(59,'2020-5-9 15:47:36'),
(60,'2020-7-8 17:49:15'),
(61,'2020-2-16 16:10:4'),
(62,'2020-1-15 19:52:41'),
(63,'2020-12-25 19:50:51'),
(64,'2020-8-17 17:30:22'),
(65,'2020-3-28 18:25:54'),
(66,'2020-9-18 17:8:25'),
(67,'2020-8-27 19:16:1'),
(68,'2020-10-5 17:22:40'),
(69,'2020-6-15 16:10:20'),
(70,'2020-6-28 15:36:1'),
(71,'2020-10-24 15:29:20'),
(72,'2020-7-12 16:59:2'),
(73,'2020-9-6 18:43:59'),
(74,'2020-11-20 17:21:20'),
(75,'2020-4-22 16:11:8'),
(76,'2020-11-24 16:9:20'),
(77,'2020-12-25 15:18:2'),
(78,'2020-6-24 19:37:26'),
(79,'2020-6-5 18:2:15'),
(80,'2020-3-13 15:33:26'),
(81,'2020-9-24 18:57:57'),
(82,'2020-2-17 19:58:5'),
(83,'2020-12-26 15:47:27'),
(84,'2020-7-16 18:17:33'),
(85,'2020-10-18 16:27:32'),
(86,'2020-9-16 15:11:29'),
(87,'2020-10-21 15:51:55'),
(88,'2020-1-20 18:49:10'),
(89,'2020-11-23 19:52:12'),
(90,'2020-3-24 18:51:18'),
(91,'2020-1-9 19:47:29'),
(92,'2020-12-21 18:11:20'),
(93,'2020-12-10 19:46:9'),
(94,'2020-4-23 15:59:1'),
(95,'2020-6-5 16:30:21'),
(96,'2020-11-20 19:28:30'),
(97,'2020-5-4 18:52:46'),
(98,'2020-7-1 15:47:58'),
(99,'2020-2-11 18:14:1'),
(100,'2020-8-18 15:13:22'),
(101,'2020-6-7 18:9:48'),
(102,'2020-1-18 19:53:47'),
(103,'2020-3-1 18:13:55'),
(104,'2020-5-6 18:51:31'),
(105,'2020-10-4 17:56:7'),
(106,'2020-7-26 17:4:17'),
(107,'2020-10-26 16:49:21'),
(108,'2020-6-19 15:57:30'),
(109,'2020-3-26 18:7:19'),
(110,'2020-5-7 19:49:26'),
(111,'2020-7-17 17:2:39'),
(112,'2020-8-23 18:2:42'),
(113,'2020-8-13 15:48:41'),
(114,'2020-3-16 17:31:46'),
(115,'2020-11-10 17:8:55'),
(116,'2020-4-29 19:39:33'),
(117,'2020-10-18 19:27:40'),
(118,'2020-4-10 16:53:21'),
(119,'2020-12-5 18:6:38'),
(120,'2020-6-12 17:25:11'),
(121,'2020-12-27 15:37:11'),
(122,'2020-12-13 16:42:10'),
(123,'2020-5-16 17:6:12'),
(124,'2020-11-9 17:59:42'),
(125,'2020-9-2 16:20:22'),
(126,'2020-5-17 17:11:51'),
(127,'2020-5-29 15:11:1'),
(128,'2020-11-30 15:2:13'),
(129,'2020-1-21 17:47:41'),
(130,'2020-3-15 17:57:50'),
(131,'2020-7-25 18:38:14'),
(132,'2020-6-29 15:16:25'),
(133,'2020-1-27 18:59:54'),
(134,'2020-6-21 15:41:33'),
(135,'2020-2-19 17:22:48'),
(136,'2020-6-4 16:59:20'),
(137,'2020-6-15 16:50:13'),
(138,'2020-5-28 19:10:59'),
(139,'2020-2-13 17:43:5'),
(140,'2020-4-16 18:42:30'),
(141,'2020-6-30 18:34:22'),
(142,'2020-5-20 19:23:34'),
(143,'2020-5-17 16:33:57'),
(144,'2020-10-28 15:8:46'),
(145,'2020-5-15 15:31:31'),
(146,'2020-12-19 16:39:17'),
(147,'2020-1-13 18:28:17'),
(148,'2020-7-6 17:36:12'),
(149,'2020-5-25 18:38:35'),
(150,'2020-12-28 19:52:46');


insert into checkout values
(1,'2020-11-14 12:14:34'),
(2,'2020-11-30 15:37:2'),
(3,'2020-12-14 13:45:31'),
(4,'2020-7-23 12:11:18'),
(5,'2020-8-16 10:22:15'),
(6,'2020-8-17 11:50:19'),
(7,'2020-8-30 13:30:37'),
(8,'2020-11-28 14:9:22'),
(9,'2020-10-16 11:8:27'),
(10,'2020-4-15 14:30:34'),
(11,'2020-8-16 13:26:54'),
(12,'2020-3-18 14:51:58'),
(13,'2020-6-29 13:59:47'),
(14,'2020-8-15 13:26:20'),
(15,'2020-12-24 15:18:13'),
(16,'2020-10-29 13:20:9'),
(17,'2020-8-22 14:15:8'),
(18,'2020-7-28 15:16:29'),
(19,'2020-6-21 13:8:58'),
(20,'2020-8-29 10:43:4'),
(21,'2020-12-30 14:8:20'),
(22,'2020-5-4 14:3:55'),
(23,'2020-8-15 12:36:37'),
(24,'2020-12-30 10:42:25'),
(25,'2020-12-25 14:16:15'),
(26,'2020-11-21 14:30:31'),
(27,'2020-9-27 10:33:54'),
(28,'2020-8-23 13:19:5'),
(29,'2020-12-27 10:36:46'),
(30,'2020-4-24 11:55:35'),
(31,'2020-11-16 10:13:18'),
(32,'2020-10-12 11:24:36'),
(33,'2020-3-26 12:7:49'),
(34,'2020-12-27 12:6:43'),
(35,'2020-11-24 15:6:57'),
(36,'2020-8-26 13:8:33'),
(37,'2020-8-26 10:29:59'),
(38,'2020-12-25 15:34:15'),
(39,'2020-8-30 13:6:42'),
(40,'2020-12-18 12:11:15'),
(41,'2020-9-20 11:16:52'),
(42,'2020-5-17 13:30:40'),
(43,'2020-3-30 12:4:17'),
(44,'2020-12-26 11:14:23'),
(45,'2020-1-30 14:12:12'),
(46,'2020-5-23 14:28:14'),
(47,'2020-10-24 15:56:22'),
(48,'2020-10-29 11:24:16'),
(49,'2020-9-30 11:55:55'),
(50,'2020-12-30 11:40:30'),
(51,'2020-8-26 11:23:34'),
(52,'2020-6-11 13:53:44'),
(53,'2020-8-18 12:2:59'),
(54,'2020-11-21 14:52:10'),
(55,'2020-6-20 12:41:22'),
(56,'2020-12-18 15:30:56'),
(57,'2020-10-17 14:30:26'),
(58,'2020-5-17 12:3:23'),
(59,'2020-9-30 12:4:42'),
(60,'2020-11-16 11:59:47'),
(61,'2020-12-25 10:29:26'),
(62,'2020-5-22 13:32:3'),
(63,'2020-12-26 15:28:49'),
(64,'2020-9-22 15:26:30'),
(65,'2020-4-28 11:6:28'),
(66,'2020-9-24 10:25:30'),
(67,'2020-8-27 14:59:56'),
(68,'2020-11-15 14:2:13'),
(69,'2020-12-25 12:21:26'),
(70,'2020-10-28 14:43:58'),
(71,'2020-11-30 10:51:2'),
(72,'2020-9-25 10:17:19'),
(73,'2020-9-27 14:28:54'),
(74,'2020-11-27 12:27:45'),
(75,'2020-5-23 10:8:2'),
(76,'2020-11-27 10:46:33'),
(77,'2020-12-25 15:2:4'),
(78,'2020-9-29 13:55:14'),
(79,'2020-9-25 12:13:24'),
(80,'2020-5-16 12:19:21'),
(81,'2020-12-28 14:25:2'),
(82,'2020-7-22 14:2:57'),
(83,'2020-12-28 15:6:42'),
(84,'2020-8-25 15:37:25'),
(85,'2020-12-20 15:42:14'),
(86,'2020-12-29 15:47:36'),
(87,'2020-11-26 11:38:26'),
(88,'2020-3-28 11:52:13'),
(89,'2020-12-24 13:58:27'),
(90,'2020-7-30 15:43:52'),
(91,'2020-12-10 15:7:5'),
(92,'2020-12-28 11:54:59'),
(93,'2020-12-20 13:51:59'),
(94,'2020-5-25 15:12:50'),
(95,'2020-7-11 13:31:12'),
(96,'2020-12-25 15:35:31'),
(97,'2020-8-4 12:11:53'),
(98,'2020-12-13 12:21:19'),
(99,'2020-5-27 12:20:51'),
(100,'2020-11-23 10:13:51'),
(101,'2020-6-17 12:13:17'),
(102,'2020-3-30 15:4:27'),
(103,'2020-12-15 10:42:18'),
(104,'2020-12-27 11:23:28'),
(105,'2020-11-4 14:38:2'),
(106,'2020-9-29 12:10:20'),
(107,'2020-11-28 13:39:45'),
(108,'2020-9-21 15:29:28'),
(109,'2020-9-27 12:6:41'),
(110,'2020-10-27 11:30:20'),
(111,'2020-9-26 10:59:2'),
(112,'2020-10-30 15:32:22'),
(113,'2020-11-23 15:55:19'),
(114,'2020-11-26 11:9:38'),
(115,'2020-11-15 13:14:37'),
(116,'2020-4-29 13:43:48'),
(117,'2020-11-24 12:54:4'),
(118,'2020-4-11 11:9:53'),
(119,'2020-12-5 10:1:46'),
(120,'2020-10-28 14:2:5'),
(121,'2020-12-27 14:29:49'),
(122,'2020-12-17 15:17:44'),
(123,'2020-7-27 12:35:23'),
(124,'2020-11-18 11:47:46'),
(125,'2020-11-27 13:41:11'),
(126,'2020-7-25 15:16:37'),
(127,'2020-5-30 12:10:33'),
(128,'2020-12-30 12:41:14'),
(129,'2020-2-28 13:17:28'),
(130,'2020-12-16 13:33:43'),
(131,'2020-11-25 15:55:6'),
(132,'2020-8-30 14:52:47'),
(133,'2020-5-30 11:56:47'),
(134,'2020-10-21 12:7:12'),
(135,'2020-6-26 14:43:19'),
(136,'2020-9-22 11:28:46'),
(137,'2020-9-19 13:46:4'),
(138,'2020-8-28 12:41:16'),
(139,'2020-12-28 12:22:56'),
(140,'2020-10-29 12:21:53'),
(141,'2020-6-30 13:8:9'),
(142,'2020-11-29 14:39:40'),
(143,'2020-6-28 14:49:19'),
(144,'2020-12-28 15:22:21'),
(145,'2020-10-18 12:20:12'),
(146,'2020-12-28 15:26:25'),
(147,'2020-3-21 14:23:10'),
(148,'2020-10-19 10:30:18'),
(149,'2020-9-30 12:9:44'),
(150,'2020-12-30 14:18:58');