insert into pais (codigo_pais, nombre) values 
(501, 'Belice'),
(502, 'Guatemala'),
(503, 'El Salvador'),
(504, 'Honduras'),
(505, 'Nicaragua'),
(506, 'Costa Rica'),
(507, 'Panamá');

insert into  hotel (nombre, estrellas, pais) values
('hotel1-belico', 3, 501),
('hotel2-belico', 3, 501),
('hotel3-belico', 3, 501),
('hotel4-belico', 3, 501),
('hotel5-belico', 3, 501),
('hotel6-belico', 4, 501),
('hotel7-belico', 4, 501),
('hotel8-belico', 4, 501),
('hotel9-belico', 4, 501),
('hotel10-belico', 4, 501),
('hotel11-belico', 5, 501),
('hotel12-belico', 5, 501),
('hotel13-belico', 5, 501),
('hotel14-belico', 5, 501),
('hotel15-belico', 5, 501),
('hotel1-chapin', 3, 502),
('hotel2-chapin', 3, 502),
('hotel3-chapin', 3, 502),
('hotel4-chapin', 3, 502),
('hotel5-chapin', 3, 502),
('hotel6-chapin', 4, 502),
('hotel7-chapin', 4, 502),
('hotel8-chapin', 4, 502),
('hotel9-chapin', 4, 502),
('hotel10-chapin', 4, 502),
('hotel11-chapin', 5, 502),
('hotel12-chapin', 5, 502),
('hotel13-chapin', 5, 502),
('hotel14-chapin', 5, 502),
('hotel15-chapin', 5, 502),
('hotel1-guanaco', 3, 503),
('hotel2-guanaco', 3, 503),
('hotel3-guanaco', 3, 503),
('hotel4-guanaco', 3, 503),
('hotel5-guanaco', 3, 503),
('hotel6-guanaco', 4, 503),
('hotel7-guanaco', 4, 503),
('hotel8-guanaco', 4, 503),
('hotel9-guanaco', 4, 503),
('hotel10-guanaco', 4, 503),
('hotel11-guanaco', 5, 503),
('hotel12-guanaco', 5, 503),
('hotel13-guanaco', 5, 503),
('hotel14-guanaco', 5, 503),
('hotel15-guanaco', 5, 503),
('hotel1-catracho', 3, 504),
('hotel2-catracho', 3, 504),
('hotel3-catracho', 3, 504),
('hotel4-catracho', 3, 504),
('hotel5-catracho', 3, 504),
('hotel6-catracho', 4, 504),
('hotel7-catracho', 4, 504),
('hotel8-catracho', 4, 504),
('hotel9-catracho', 4, 504),
('hotel10-catracho', 4, 504),
('hotel11-catracho', 5, 504),
('hotel12-catracho', 5, 504),
('hotel13-catracho', 5, 504),
('hotel14-catracho', 5, 504),
('hotel15-catracho', 5, 504),
('hotel1-nica', 3, 505),
('hotel2-nica', 3, 505),
('hotel3-nica', 3, 505),
('hotel4-nica', 3, 505),
('hotel5-nica', 3, 505),
('hotel6-nica', 4, 505),
('hotel7-nica', 4, 505),
('hotel8-nica', 4, 505),
('hotel9-nica', 4, 505),
('hotel10-nica', 4, 505),
('hotel11-nica', 5, 505),
('hotel12-nica', 5, 505),
('hotel13-nica', 5, 505),
('hotel14-nica', 5, 505),
('hotel15-nica', 5, 505);

insert into habitacion (codigo_habitacion, tipo, hotel) values
(2, 'simple', 1),
(3, 'simple', 1),
(4, 'simple', 1),
(5, 'simple', 1),
(2, 'simple', 2),
(3, 'simple', 2),
(4, 'simple', 2),
(5, 'simple', 2),
(2, 'simple', 3),
(3, 'simple', 3),
(4, 'simple', 3),
(5, 'simple', 3),
(2, 'simple', 4),
(3, 'simple', 4),
(4, 'simple', 4),
(5, 'simple', 4),
(2, 'simple', 5),
(3, 'simple', 5),
(4, 'simple', 5),
(5, 'simple', 5),
(2, 'simple', 6),
(3, 'simple', 6),
(4, 'simple', 6),
(5, 'simple', 6),
(2, 'simple', 7),
(3, 'simple', 7),
(4, 'simple', 7),
(5, 'simple', 7),
(2, 'simple', 8),
(3, 'simple', 8),
(4, 'simple', 8),
(5, 'simple', 8),
(2, 'simple', 9),
(3, 'simple', 9),
(4, 'simple', 9),
(5, 'simple', 9),
(2, 'simple', 10),
(3, 'simple', 10),
(4, 'simple', 10),
(5, 'simple', 10),
(2, 'simple', 11),
(3, 'simple', 11),
(4, 'simple', 11),
(5, 'simple', 11),
(2, 'simple', 12),
(3, 'simple', 12),
(4, 'simple', 12),
(5, 'simple', 12),
(2, 'simple', 13),
(3, 'simple', 13),
(4, 'simple', 13),
(5, 'simple', 13),
(2, 'simple', 14),
(3, 'simple', 14),
(4, 'simple', 14),
(5, 'simple', 14),
(2, 'simple', 15),
(3, 'simple', 15),
(4, 'simple', 15),
(5, 'simple', 15),
(2, 'simple', 16),
(3, 'simple', 16),
(4, 'simple', 16),
(5, 'simple', 16),
(2, 'simple', 17),
(3, 'simple', 17),
(4, 'simple', 17),
(5, 'simple', 17),
(2, 'simple', 18),
(3, 'simple', 18),
(4, 'simple', 18),
(5, 'simple', 18),
(2, 'simple', 19),
(3, 'simple', 19),
(4, 'simple', 19),
(5, 'simple', 19),
(2, 'simple', 20),
(3, 'simple', 20),
(4, 'simple', 20),
(5, 'simple', 20),
(2, 'simple', 21),
(3, 'simple', 21),
(4, 'simple', 21),
(5, 'simple', 21),
(2, 'simple', 22),
(3, 'simple', 22),
(4, 'simple', 22),
(5, 'simple', 22),
(2, 'simple', 23),
(3, 'simple', 23),
(4, 'simple', 23),
(5, 'simple', 23),
(2, 'simple', 24),
(3, 'simple', 24),
(4, 'simple', 24),
(5, 'simple', 24),
(2, 'simple', 25),
(3, 'simple', 25),
(4, 'simple', 25),
(5, 'simple', 25),
(2, 'simple', 26),
(3, 'simple', 26),
(4, 'simple', 26),
(5, 'simple', 26),
(2, 'simple', 27),
(3, 'simple', 27),
(4, 'simple', 27),
(5, 'simple', 27),
(2, 'simple', 28),
(3, 'simple', 28),
(4, 'simple', 28),
(5, 'simple', 28),
(2, 'simple', 29),
(3, 'simple', 29),
(4, 'simple', 29),
(5, 'simple', 29),
(2, 'simple', 30),
(3, 'simple', 30),
(4, 'simple', 30),
(5, 'simple', 30),
(2, 'simple', 31),
(3, 'simple', 31),
(4, 'simple', 31),
(5, 'simple', 31),
(2, 'simple', 32),
(3, 'simple', 32),
(4, 'simple', 32),
(5, 'simple', 32),
(2, 'simple', 33),
(3, 'simple', 33),
(4, 'simple', 33),
(5, 'simple', 33),
(2, 'simple', 34),
(3, 'simple', 34),
(4, 'simple', 34),
(5, 'simple', 34),
(2, 'simple', 35),
(3, 'simple', 35),
(4, 'simple', 35),
(5, 'simple', 35),
(2, 'simple', 36),
(3, 'simple', 36),
(4, 'simple', 36),
(5, 'simple', 36),
(2, 'simple', 37),
(3, 'simple', 37),
(4, 'simple', 37),
(5, 'simple', 37),
(2, 'simple', 38),
(3, 'simple', 38),
(4, 'simple', 38),
(5, 'simple', 38),
(2, 'simple', 39),
(3, 'simple', 39),
(4, 'simple', 39),
(5, 'simple', 39),
(2, 'simple', 40),
(3, 'simple', 40),
(4, 'simple', 40),
(5, 'simple', 40),
(2, 'simple', 41),
(3, 'simple', 41),
(4, 'simple', 41),
(5, 'simple', 41),
(2, 'simple', 42),
(3, 'simple', 42),
(4, 'simple', 42),
(5, 'simple', 42),
(2, 'simple', 43),
(3, 'simple', 43),
(4, 'simple', 43),
(5, 'simple', 43),
(2, 'simple', 44),
(3, 'simple', 44),
(4, 'simple', 44),
(5, 'simple', 44),
(2, 'simple', 45),
(3, 'simple', 45),
(4, 'simple', 45),
(5, 'simple', 45),
(6, 'individual', 1),
(7, 'individual', 1),
(8, 'individual', 1),
(9, 'individual', 1),
(6, 'individual', 2),
(7, 'individual', 2),
(8, 'individual', 2),
(9, 'individual', 2),
(6, 'individual', 3),
(7, 'individual', 3),
(8, 'individual', 3),
(9, 'individual', 3),
(6, 'individual', 4),
(7, 'individual', 4),
(8, 'individual', 4),
(9, 'individual', 4),
(6, 'individual', 5),
(7, 'individual', 5),
(8, 'individual', 5),
(9, 'individual', 5),
(6, 'individual', 6),
(7, 'individual', 6),
(8, 'individual', 6),
(9, 'individual', 6),
(6, 'individual', 7),
(7, 'individual', 7),
(8, 'individual', 7),
(9, 'individual', 7),
(6, 'individual', 8),
(7, 'individual', 8),
(8, 'individual', 8),
(9, 'individual', 8),
(6, 'individual', 9),
(7, 'individual', 9),
(8, 'individual', 9),
(9, 'individual', 9),
(6, 'individual', 10),
(7, 'individual', 10),
(8, 'individual', 10),
(9, 'individual', 10),
(6, 'individual', 11),
(7, 'individual', 11),
(8, 'individual', 11),
(9, 'individual', 11),
(6, 'individual', 12),
(7, 'individual', 12),
(8, 'individual', 12),
(9, 'individual', 12),
(6, 'individual', 13),
(7, 'individual', 13),
(8, 'individual', 13),
(9, 'individual', 13),
(6, 'individual', 14),
(7, 'individual', 14),
(8, 'individual', 14),
(9, 'individual', 14),
(6, 'individual', 15),
(7, 'individual', 15),
(8, 'individual', 15),
(9, 'individual', 15),
(6, 'individual', 16),
(7, 'individual', 16),
(8, 'individual', 16),
(9, 'individual', 16),
(6, 'individual', 17),
(7, 'individual', 17),
(8, 'individual', 17),
(9, 'individual', 17),
(6, 'individual', 18),
(7, 'individual', 18),
(8, 'individual', 18),
(9, 'individual', 18),
(6, 'individual', 19),
(7, 'individual', 19),
(8, 'individual', 19),
(9, 'individual', 19),
(6, 'individual', 20),
(7, 'individual', 20),
(8, 'individual', 20),
(9, 'individual', 20),
(6, 'individual', 21),
(7, 'individual', 21),
(8, 'individual', 21),
(9, 'individual', 21),
(6, 'individual', 22),
(7, 'individual', 22),
(8, 'individual', 22),
(9, 'individual', 22),
(6, 'individual', 23),
(7, 'individual', 23),
(8, 'individual', 23),
(9, 'individual', 23),
(6, 'individual', 24),
(7, 'individual', 24),
(8, 'individual', 24),
(9, 'individual', 24),
(6, 'individual', 25),
(7, 'individual', 25),
(8, 'individual', 25),
(9, 'individual', 25),
(6, 'individual', 26),
(7, 'individual', 26),
(8, 'individual', 26),
(9, 'individual', 26),
(6, 'individual', 27),
(7, 'individual', 27),
(8, 'individual', 27),
(9, 'individual', 27),
(6, 'individual', 28),
(7, 'individual', 28),
(8, 'individual', 28),
(9, 'individual', 28),
(6, 'individual', 29),
(7, 'individual', 29),
(8, 'individual', 29),
(9, 'individual', 29),
(6, 'individual', 30),
(7, 'individual', 30),
(8, 'individual', 30),
(9, 'individual', 30),
(6, 'individual', 31),
(7, 'individual', 31),
(8, 'individual', 31),
(9, 'individual', 31),
(6, 'individual', 32),
(7, 'individual', 32),
(8, 'individual', 32),
(9, 'individual', 32),
(6, 'individual', 33),
(7, 'individual', 33),
(8, 'individual', 33),
(9, 'individual', 33),
(6, 'individual', 34),
(7, 'individual', 34),
(8, 'individual', 34),
(9, 'individual', 34),
(6, 'individual', 35),
(7, 'individual', 35),
(8, 'individual', 35),
(9, 'individual', 35),
(6, 'individual', 36),
(7, 'individual', 36),
(8, 'individual', 36),
(9, 'individual', 36),
(6, 'individual', 37),
(7, 'individual', 37),
(8, 'individual', 37),
(9, 'individual', 37),
(6, 'individual', 38),
(7, 'individual', 38),
(8, 'individual', 38),
(9, 'individual', 38),
(6, 'individual', 39),
(7, 'individual', 39),
(8, 'individual', 39),
(9, 'individual', 39),
(6, 'individual', 40),
(7, 'individual', 40),
(8, 'individual', 40),
(9, 'individual', 40),
(6, 'individual', 41),
(7, 'individual', 41),
(8, 'individual', 41),
(9, 'individual', 41),
(6, 'individual', 42),
(7, 'individual', 42),
(8, 'individual', 42),
(9, 'individual', 42),
(6, 'individual', 43),
(7, 'individual', 43),
(8, 'individual', 43),
(9, 'individual', 43),
(6, 'individual', 44),
(7, 'individual', 44),
(8, 'individual', 44),
(9, 'individual', 44),
(6, 'individual', 45),
(7, 'individual', 45),
(8, 'individual', 45),
(9, 'individual', 45);

insert into cliente values 
(3201432790101, 'Francisco Gomez', 67675490, 45283279),
(2023354270406, 'Oscar Morales', 54322184, 45337310),
(8641759230508, 'Maria Valdez', 43211787, 42339875),
(5682147520105, 'Eugenia Garcia', 66543298, 33459720),
(1759842640307, 'Paola Martinez', 97785432, 54559032),
(3100851687309, 'Edgard Figueroa', 25256510, 20482918),
(2098528669962, 'Mayra Archila', 18230324, 16214809),
(3531538192640, 'Alejandra Gonzales', 14003448, 47699376),
(4798577352088, 'Estela Montoya', 19256863, 46685673),
(2217205578416, 'Esteban Solorzano', 25294807, 27861507),
(3734322100894, 'Juan Gabriel', 55398992, 17318923),
(2314470155584, 'Barabara Quiñones', 41676992, 28908470),
(4204242810238, 'Erick Barrondo', 13326880, 27388202),
(2996648265015, 'Ricardo Arjona', 48683388, 35920040),
(3414523199874, 'Gabriela Moreno', 20779521, 37484764);

insert into reservacion (monto, fecha_ingreso, fecha_salida, habitacion, hotel, cliente) values
(471.36,'2020-12-2','2019-6-5',2,21,3531538192640),
(276.91,'2019-2-21','2019-10-11',9,45,2098528669962),
(415.77,'2021-1-4','2019-9-21',8,3,3531538192640),
(695.99,'2020-5-12','2019-6-25',3,7,3201432790101),
(520.80,'2019-1-10','2018-9-27',9,26,4204242810238),
(316.84,'2021-9-16','2021-12-13',2,32,3100851687309),
(477.15,'2019-5-14','2020-1-11',4,6,2314470155584),
(468.48,'2018-12-14','2021-2-25',3,43,4798577352088),
(305.39,'2020-7-24','2018-6-21',7,23,3531538192640),
(910.59,'2018-5-28','2018-1-7',7,23,2996648265015),
(873.97,'2020-6-19','2019-2-14',9,36,3734322100894),
(463.94,'2020-6-30','2021-4-13',3,19,3414523199874),
(563.22,'2020-1-4','2018-2-16',3,1,1759842640307),
(777.16,'2020-6-23','2019-8-13',9,39,2023354270406),
(676.67,'2019-8-25','2021-4-7',5,13,2314470155584),
(703.76,'2021-12-14','2020-6-20',5,13,3100851687309),
(767.91,'2020-10-3','2020-8-12',2,23,2996648265015),
(742.10,'2018-8-4','2021-9-3',2,21,3734322100894),
(582.47,'2019-2-7','2019-4-15',3,24,2098528669962),
(322.14,'2018-8-11','2021-7-25',5,43,2996648265015),
(823.96,'2020-9-7','2018-12-4',6,16,3531538192640),
(381.44,'2020-6-14','2021-11-13',6,41,2098528669962),
(598.14,'2021-9-21','2020-12-2',2,35,2098528669962),
(608.05,'2021-9-11','2020-12-13',9,33,2996648265015),
(649.65,'2018-4-23','2018-11-22',4,15,8641759230508),
(633.08,'2019-8-17','2018-11-19',2,42,1759842640307),
(831.49,'2019-9-29','2020-4-6',5,14,8641759230508),
(770.21,'2020-3-1','2019-6-22',4,44,2996648265015),
(773.51,'2018-5-20','2019-11-3',7,19,3734322100894),
(451.34,'2018-4-15','2019-9-17',4,39,3531538192640),
(869.27,'2020-5-2','2021-10-30',9,20,2023354270406),
(855.08,'2021-2-10','2019-8-17',5,31,3201432790101),
(824.94,'2021-5-19','2021-3-24',4,14,3531538192640),
(755.29,'2020-8-19','2018-2-25',8,42,2098528669962),
(409.65,'2021-6-14','2021-3-2',5,9,3100851687309),
(719.59,'2021-4-8','2018-10-12',6,24,5682147520105),
(651.93,'2019-8-25','2018-9-28',5,42,3100851687309),
(361.07,'2018-4-8','2021-11-20',5,31,3531538192640),
(634.50,'2020-10-16','2018-4-9',6,4,2217205578416),
(943.11,'2021-12-21','2021-4-25',9,42,8641759230508),
(403.06,'2020-10-28','2020-8-29',4,10,3201432790101),
(451.86,'2021-2-5','2018-5-18',2,38,3414523199874),
(783.46,'2018-1-2','2018-2-7',4,5,3531538192640),
(735.25,'2019-6-8','2021-7-25',7,11,4204242810238),
(277.76,'2018-4-18','2021-4-11',8,26,2996648265015),
(302.15,'2020-4-23','2018-5-11',7,26,2217205578416),
(416.45,'2021-7-20','2018-4-18',6,28,2314470155584),
(711.12,'2021-5-17','2021-8-16',5,45,2996648265015),
(745.94,'2018-1-20','2019-6-4',5,18,8641759230508),
(856.45,'2018-1-17','2020-4-3',6,19,2098528669962),
(762.74,'2019-12-2','2018-11-12',4,21,3100851687309),
(817.26,'2020-10-10','2021-12-20',4,33,2098528669962),
(273.90,'2020-2-15','2019-8-17',5,17,5682147520105),
(766.17,'2021-4-19','2021-4-5',7,42,3414523199874),
(368.06,'2018-1-25','2020-9-21',7,17,3201432790101),
(504.48,'2019-12-17','2019-12-7',5,1,3531538192640),
(383.78,'2018-3-8','2018-11-25',6,20,4798577352088),
(917.11,'2018-6-25','2021-4-26',6,35,3734322100894),
(269.18,'2018-11-17','2020-7-9',4,24,3531538192640),
(682.32,'2020-1-1','2021-11-13',4,8,5682147520105),
(895.94,'2018-7-1','2018-8-2',9,44,8641759230508),
(568.17,'2020-5-1','2018-2-12',4,7,2314470155584),
(340.83,'2021-12-9','2018-3-3',3,23,2996648265015),
(789.91,'2018-12-2','2018-2-10',3,43,2098528669962),
(716.16,'2020-1-17','2018-8-15',4,6,3100851687309),
(631.16,'2020-10-19','2019-6-5',3,30,3414523199874),
(699.27,'2018-2-5','2021-4-13',9,13,3201432790101),
(265.65,'2018-8-25','2018-2-18',6,8,3414523199874),
(569.18,'2019-6-22','2020-8-22',8,18,3734322100894),
(696.35,'2021-10-14','2020-5-26',7,9,3531538192640),
(489.78,'2021-6-5','2019-11-8',9,13,2217205578416),
(972.32,'2020-1-27','2020-10-8',5,32,3100851687309),
(867.07,'2018-2-6','2021-9-15',5,4,8641759230508),
(546.70,'2018-3-1','2020-6-27',2,28,5682147520105),
(745.10,'2018-12-17','2020-3-8',9,9,2314470155584),
(612.14,'2020-7-26','2019-10-25',9,20,8641759230508),
(400.26,'2019-6-21','2020-7-24',9,9,3734322100894),
(887.07,'2018-7-5','2019-2-9',9,8,8641759230508),
(342.24,'2019-8-17','2018-7-21',5,5,1759842640307),
(769.42,'2018-9-15','2018-3-9',4,4,2996648265015),
(362.71,'2021-3-22','2018-1-24',7,29,4798577352088),
(789.42,'2021-1-10','2018-2-22',4,27,4798577352088),
(718.36,'2021-5-22','2018-3-21',7,41,2217205578416),
(600.51,'2018-8-30','2020-6-8',5,45,2217205578416),
(265.11,'2018-11-25','2019-10-25',5,23,8641759230508),
(719.84,'2019-8-21','2021-9-1',6,14,2023354270406),
(497.00,'2018-7-27','2020-3-7',2,40,2023354270406),
(451.09,'2019-11-8','2021-3-12',4,40,2023354270406),
(250.61,'2021-4-12','2019-3-10',4,10,3201432790101),
(343.06,'2019-8-26','2021-5-25',7,11,3734322100894),
(815.08,'2021-3-24','2019-3-10',6,9,3100851687309),
(848.71,'2019-12-29','2021-4-30',8,38,1759842640307),
(428.25,'2019-7-24','2018-1-10',6,4,3531538192640),
(670.16,'2020-1-22','2021-4-6',4,2,3414523199874),
(766.42,'2018-7-17','2021-9-8',5,34,1759842640307),
(513.64,'2018-2-25','2019-7-1',4,17,2098528669962),
(555.20,'2019-11-18','2018-9-26',7,43,3531538192640),
(251.72,'2018-5-15','2018-12-5',9,21,4798577352088),
(959.67,'2021-11-28','2021-9-21',6,32,3201432790101),
(364.47,'2020-4-5','2021-8-21',2,21,2098528669962),
(631.19,'2019-3-27','2019-9-23',9,15,8641759230508),
(556.49,'2021-11-5','2018-9-9',4,34,8641759230508),
(749.13,'2020-4-7','2020-3-16',9,10,3734322100894),
(566.86,'2021-5-19','2019-6-25',8,5,3100851687309),
(553.64,'2020-11-29','2018-1-3',7,16,4204242810238),
(945.70,'2021-6-13','2018-10-27',9,33,3100851687309),
(519.22,'2018-1-28','2019-5-3',7,5,5682147520105),
(334.58,'2021-12-12','2019-2-21',2,20,3414523199874),
(839.12,'2020-1-29','2021-9-23',7,1,3734322100894),
(502.78,'2018-2-21','2021-5-30',3,31,4798577352088),
(741.02,'2021-1-9','2020-7-22',9,21,3531538192640),
(986.85,'2018-2-18','2020-2-1',7,42,3531538192640),
(950.80,'2020-7-5','2018-11-8',2,39,3734322100894),
(750.49,'2020-8-30','2019-9-19',7,43,2217205578416),
(386.18,'2020-1-27','2019-12-19',7,27,1759842640307),
(901.92,'2018-3-17','2020-4-17',6,33,2996648265015),
(276.35,'2018-7-11','2019-9-22',6,12,2314470155584),
(673.83,'2019-8-20','2021-11-27',2,44,2314470155584),
(363.96,'2018-2-6','2020-10-30',6,15,2098528669962),
(488.21,'2021-8-8','2018-5-26',8,17,1759842640307),
(817.07,'2018-4-9','2018-3-10',5,2,3734322100894),
(334.81,'2019-10-8','2019-8-27',8,17,2996648265015),
(255.87,'2021-6-26','2019-5-15',5,34,2098528669962),
(724.02,'2019-9-13','2021-8-26',9,43,3414523199874),
(892.13,'2021-1-26','2019-4-24',8,34,2996648265015),
(982.23,'2018-8-18','2019-8-2',6,44,2996648265015),
(830.89,'2019-1-10','2018-8-10',5,31,2996648265015),
(741.44,'2019-2-5','2020-9-25',5,4,4204242810238),
(797.44,'2021-3-9','2021-10-28',8,19,2023354270406),
(283.28,'2021-7-23','2020-2-25',6,16,4798577352088),
(955.43,'2021-2-23','2019-11-13',8,2,3201432790101),
(746.08,'2019-6-26','2019-12-10',6,39,2314470155584),
(958.10,'2021-10-29','2020-7-13',9,8,4798577352088),
(865.67,'2021-6-20','2018-8-20',8,40,3734322100894),
(803.67,'2020-6-24','2021-7-7',9,18,1759842640307),
(512.45,'2018-10-1','2018-11-2',4,18,2217205578416),
(630.36,'2020-4-21','2021-4-13',8,36,2217205578416),
(615.30,'2019-4-18','2021-3-12',7,4,3201432790101),
(551.84,'2021-5-4','2020-2-1',2,8,5682147520105),
(559.79,'2019-5-19','2020-5-8',5,29,2023354270406),
(863.40,'2019-9-30','2018-5-14',8,41,2314470155584),
(944.09,'2018-1-30','2018-4-28',6,33,8641759230508),
(273.14,'2020-10-26','2020-12-20',3,31,8641759230508),
(541.07,'2018-3-26','2019-11-19',3,21,4798577352088),
(703.83,'2021-5-20','2018-2-3',9,17,2217205578416),
(412.72,'2019-8-27','2018-10-12',5,9,3734322100894),
(780.47,'2021-12-6','2018-2-27',7,33,4204242810238),
(800.00,'2018-12-21','2019-4-11',8,1,1759842640307),
(690.81,'2020-5-13','2019-7-15',2,40,2098528669962),
(651.55,'2018-10-6','2021-12-16',2,8,5682147520105),
(529.81,'2018-12-6','2019-3-14',8,17,4798577352088);